Breed,Location,Age (Months),Gender,Vaccination Status,Pedigree Certification,Size,Demand, Price (KES) 
Dachshund,Nairobi,15,Male,Not Vaccinated,Not Certified,Small,1," KES 20,723.00 "
Beagle,Machakos,7,Male,Not Vaccinated,Certified,Medium,10," KES 50,854.00 "
Great Dane,Kericho,8,Female,Vaccinated,Not Certified,Medium,7," KES 46,342.00 "
Golden Retriever,Nakuru,15,Male,Vaccinated,Not Certified,Small,9," KES 62,762.00 "
Maltese,Nairobi,21,Female,Vaccinated,Not Certified,Medium,3," KES 50,604.00 "
Poodle,Thika,16,Male,Not Vaccinated,Not Certified,Large,9," KES 50,102.00 "
Siberian Husky,Nairobi,10,Male,Not Vaccinated,Not Certified,Small,6," KES 44,137.00 "
Maltese,Kisumu,6,Male,Vaccinated,Certified,Small,6," KES 64,326.00 "
Poodle,Thika,15,Female,Vaccinated,Certified,Large,1," KES 53,359.00 "
Beagle,Nakuru,18,Male,Vaccinated,Not Certified,Medium,7," KES 44,536.00 "
Labrador Retriever,Nairobi,9,Male,Not Vaccinated,Not Certified,Medium,9," KES 44,747.00 "
Rottweiler,Nairobi,7,Male,Not Vaccinated,Not Certified,Small,5," KES 29,894.00 "
Great Dane,Nyeri,15,Male,Not Vaccinated,Certified,Small,7," KES 60,111.00 "
Beagle,Nakuru,22,Female,Not Vaccinated,Certified,Large,4," KES 34,351.00 "
Doberman,Nyeri,15,Female,Vaccinated,Certified,Medium,2," KES 59,079.00 "
Rottweiler,Nyeri,24,Female,Not Vaccinated,Not Certified,Small,10," KES 59,194.00 "
German Shepherd,Nyeri,18,Female,Vaccinated,Not Certified,Medium,7," KES 19,665.00 "
Bulldog,Eldoret,6,Male,Vaccinated,Not Certified,Large,7," KES 31,350.00 "
Golden Retriever,Thika,24,Male,Vaccinated,Certified,Medium,6," KES 33,076.00 "
Chihuahua,Nairobi,2,Female,Vaccinated,Not Certified,Small,10," KES 40,210.00 "
Siberian Husky,Nakuru,12,Male,Not Vaccinated,Certified,Large,1," KES 58,840.00 "
Bulldog,Thika,5,Female,Not Vaccinated,Certified,Small,2," KES 57,437.00 "
Maltese,Mombasa,7,Female,Not Vaccinated,Certified,Small,6," KES 36,807.00 "
Dachshund,Nyeri,24,Female,Not Vaccinated,Certified,Small,7," KES 41,252.00 "
Shih Tzu,Nyeri,9,Female,Vaccinated,Not Certified,Medium,8," KES 58,466.00 "
Boxer,Naivasha,20,Female,Vaccinated,Certified,Large,5," KES 32,675.00 "
Labrador Retriever,Eldoret,9,Female,Vaccinated,Not Certified,Large,2," KES 56,741.00 "
Chihuahua,Nairobi,20,Male,Not Vaccinated,Certified,Large,1," KES 69,779.00 "
Bulldog,Machakos,13,Male,Vaccinated,Certified,Medium,3," KES 66,318.00 "
Siberian Husky,Mombasa,8,Male,Vaccinated,Certified,Medium,7," KES 56,276.00 "
Golden Retriever,Machakos,3,Female,Vaccinated,Not Certified,Medium,5," KES 36,259.00 "
German Shepherd,Mombasa,11,Male,Vaccinated,Not Certified,Medium,7," KES 45,212.00 "
Golden Retriever,Nairobi,18,Male,Vaccinated,Not Certified,Medium,1," KES 40,171.00 "
Siberian Husky,Nairobi,14,Male,Not Vaccinated,Not Certified,Large,4," KES 43,309.00 "
Dachshund,Naivasha,15,Female,Not Vaccinated,Not Certified,Medium,7," KES 43,957.00 "
Boxer,Thika,14,Male,Not Vaccinated,Certified,Small,2," KES 38,972.00 "
Siberian Husky,Eldoret,13,Male,Not Vaccinated,Not Certified,Medium,5," KES 15,805.00 "
German Shepherd,Eldoret,24,Male,Vaccinated,Not Certified,Small,3," KES 45,773.00 "
Labrador Retriever,Mombasa,12,Female,Not Vaccinated,Certified,Large,5," KES 63,712.00 "
Dachshund,Mombasa,3,Male,Not Vaccinated,Not Certified,Small,6," KES 50,808.00 "
Golden Retriever,Nairobi,11,Male,Not Vaccinated,Certified,Large,4," KES 38,662.00 "
Labrador Retriever,Eldoret,24,Male,Not Vaccinated,Certified,Small,7," KES 60,584.00 "
Maltese,Nairobi,11,Female,Not Vaccinated,Not Certified,Large,8," KES 68,775.00 "
Boxer,Machakos,23,Male,Vaccinated,Certified,Large,5," KES 59,588.00 "
Rottweiler,Thika,6,Female,Vaccinated,Certified,Medium,7," KES 58,349.00 "
Beagle,Nakuru,17,Female,Not Vaccinated,Not Certified,Large,7," KES 53,000.00 "
Poodle,Machakos,15,Female,Not Vaccinated,Certified,Small,3," KES 30,603.00 "
German Shepherd,Eldoret,15,Male,Not Vaccinated,Certified,Medium,2," KES 39,465.00 "
Dachshund,Eldoret,7,Female,Not Vaccinated,Certified,Small,1," KES 29,789.00 "
Bulldog,Kisumu,12,Male,Not Vaccinated,Not Certified,Small,3," KES 42,452.00 "
Dachshund,Naivasha,17,Female,Vaccinated,Certified,Large,2," KES 53,177.00 "
Siberian Husky,Thika,5,Female,Vaccinated,Not Certified,Large,3," KES 28,051.00 "
Labrador Retriever,Nakuru,20,Male,Not Vaccinated,Not Certified,Large,9," KES 38,763.00 "
Rottweiler,Nakuru,2,Male,Not Vaccinated,Certified,Medium,9," KES 63,673.00 "
Siberian Husky,Nakuru,22,Male,Vaccinated,Not Certified,Small,8," KES 27,943.00 "
Chihuahua,Thika,16,Female,Not Vaccinated,Not Certified,Medium,6," KES 15,675.00 "
Boxer,Nakuru,12,Female,Vaccinated,Certified,Large,8," KES 52,200.00 "
Poodle,Eldoret,13,Female,Vaccinated,Not Certified,Small,9," KES 41,839.00 "
Bulldog,Machakos,18,Male,Not Vaccinated,Not Certified,Small,8," KES 37,261.00 "
Great Dane,Eldoret,2,Male,Not Vaccinated,Not Certified,Medium,2," KES 31,941.00 "
Great Dane,Thika,22,Female,Vaccinated,Certified,Medium,9," KES 65,564.00 "
Chihuahua,Machakos,3,Female,Vaccinated,Certified,Small,9," KES 47,881.00 "
Siberian Husky,Kericho,23,Female,Vaccinated,Certified,Medium,3," KES 59,244.00 "
Dachshund,Kisumu,21,Male,Vaccinated,Not Certified,Large,6," KES 33,796.00 "
Boxer,Machakos,19,Male,Vaccinated,Not Certified,Medium,2," KES 54,634.00 "
Siberian Husky,Eldoret,18,Female,Not Vaccinated,Certified,Small,4," KES 56,610.00 "
Shih Tzu,Nyeri,18,Male,Not Vaccinated,Certified,Medium,4," KES 43,989.00 "
German Shepherd,Nakuru,10,Female,Not Vaccinated,Certified,Medium,10," KES 43,984.00 "
Labrador Retriever,Nakuru,9,Male,Vaccinated,Certified,Small,1," KES 56,538.00 "
Dachshund,Kericho,18,Male,Not Vaccinated,Certified,Medium,4," KES 55,122.00 "
Poodle,Machakos,10,Male,Vaccinated,Not Certified,Small,8," KES 48,501.00 "
German Shepherd,Kisumu,5,Male,Not Vaccinated,Certified,Medium,3," KES 56,687.00 "
Poodle,Naivasha,8,Male,Vaccinated,Certified,Small,5," KES 68,015.00 "
Golden Retriever,Thika,10,Male,Not Vaccinated,Not Certified,Small,5," KES 58,145.00 "
Rottweiler,Thika,12,Male,Not Vaccinated,Not Certified,Medium,4," KES 23,459.00 "
Chihuahua,Eldoret,21,Male,Not Vaccinated,Certified,Medium,5," KES 33,099.00 "
Great Dane,Nakuru,24,Female,Not Vaccinated,Not Certified,Medium,6," KES 26,066.00 "
Boxer,Mombasa,9,Male,Vaccinated,Certified,Medium,5," KES 71,382.00 "
Rottweiler,Naivasha,18,Female,Vaccinated,Certified,Large,8," KES 54,672.00 "
Golden Retriever,Eldoret,15,Female,Not Vaccinated,Certified,Medium,9," KES 63,224.00 "
German Shepherd,Kericho,3,Female,Not Vaccinated,Certified,Large,7," KES 62,858.00 "
Siberian Husky,Kisumu,20,Female,Vaccinated,Not Certified,Small,7," KES 60,678.00 "
Shih Tzu,Naivasha,7,Male,Not Vaccinated,Not Certified,Medium,2," KES 52,109.00 "
Shih Tzu,Nairobi,2,Female,Not Vaccinated,Certified,Medium,2," KES 35,058.00 "
Golden Retriever,Nyeri,16,Female,Not Vaccinated,Not Certified,Medium,7," KES 48,729.00 "
Chihuahua,Mombasa,24,Male,Vaccinated,Not Certified,Medium,8," KES 49,929.00 "
Shih Tzu,Nakuru,21,Male,Vaccinated,Certified,Medium,6," KES 46,641.00 "
Siberian Husky,Nyeri,17,Female,Vaccinated,Not Certified,Medium,5," KES 60,022.00 "
Siberian Husky,Machakos,7,Female,Vaccinated,Certified,Large,10," KES 57,731.00 "
Shih Tzu,Thika,7,Female,Vaccinated,Certified,Small,1," KES 30,416.00 "
Doberman,Nairobi,23,Female,Not Vaccinated,Certified,Medium,6," KES 32,480.00 "
Beagle,Nyeri,12,Male,Vaccinated,Certified,Small,6," KES 63,979.00 "
Beagle,Kericho,10,Male,Not Vaccinated,Certified,Small,7," KES 37,273.00 "
Boxer,Kericho,16,Female,Not Vaccinated,Not Certified,Small,1," KES 32,779.00 "
Labrador Retriever,Nairobi,12,Male,Vaccinated,Not Certified,Medium,9," KES 32,108.00 "
Dachshund,Nairobi,10,Male,Not Vaccinated,Not Certified,Large,6," KES 38,108.00 "
Bulldog,Nairobi,9,Female,Vaccinated,Not Certified,Small,7," KES 56,899.00 "
Shih Tzu,Nyeri,23,Male,Not Vaccinated,Certified,Medium,3," KES 37,858.00 "
Maltese,Nairobi,22,Male,Vaccinated,Certified,Small,8," KES 35,395.00 "
Bulldog,Kericho,23,Female,Not Vaccinated,Certified,Medium,8," KES 54,581.00 "
Bulldog,Eldoret,3,Male,Not Vaccinated,Not Certified,Medium,7," KES 44,165.00 "
Maltese,Machakos,13,Female,Not Vaccinated,Not Certified,Medium,9," KES 20,669.00 "
Great Dane,Machakos,22,Female,Not Vaccinated,Certified,Small,1," KES 45,729.00 "
Rottweiler,Nakuru,7,Male,Not Vaccinated,Certified,Small,6," KES 40,729.00 "
Doberman,Machakos,5,Male,Vaccinated,Not Certified,Small,9," KES 62,886.00 "
Maltese,Eldoret,5,Female,Vaccinated,Not Certified,Medium,7," KES 21,312.00 "
Poodle,Naivasha,9,Female,Vaccinated,Certified,Large,7," KES 44,396.00 "
Dachshund,Nakuru,17,Female,Vaccinated,Not Certified,Medium,5," KES 19,175.00 "
Doberman,Kisumu,17,Male,Not Vaccinated,Not Certified,Medium,8," KES 25,393.00 "
Doberman,Thika,8,Female,Vaccinated,Certified,Large,5," KES 44,275.00 "
Siberian Husky,Mombasa,6,Male,Vaccinated,Certified,Medium,3," KES 72,165.00 "
Boxer,Nairobi,6,Male,Vaccinated,Not Certified,Medium,5," KES 61,850.00 "
Boxer,Mombasa,23,Male,Vaccinated,Certified,Medium,5," KES 66,986.00 "
Beagle,Mombasa,15,Male,Not Vaccinated,Certified,Small,10," KES 39,431.00 "
Bulldog,Kericho,11,Male,Vaccinated,Not Certified,Large,10," KES 69,231.00 "
Boxer,Mombasa,18,Female,Not Vaccinated,Not Certified,Small,6," KES 44,518.00 "
Labrador Retriever,Kisumu,17,Male,Vaccinated,Certified,Medium,4," KES 45,869.00 "
Bulldog,Thika,20,Male,Not Vaccinated,Not Certified,Large,10," KES 30,993.00 "
Labrador Retriever,Nyeri,15,Male,Vaccinated,Certified,Medium,5," KES 62,915.00 "
Rottweiler,Nairobi,23,Female,Vaccinated,Not Certified,Small,2," KES 53,492.00 "
Boxer,Mombasa,3,Female,Not Vaccinated,Certified,Medium,6," KES 64,420.00 "
Rottweiler,Eldoret,23,Female,Vaccinated,Not Certified,Medium,9," KES 31,355.00 "
Siberian Husky,Kericho,12,Male,Vaccinated,Not Certified,Small,4," KES 47,104.00 "
Dachshund,Nakuru,17,Male,Vaccinated,Certified,Small,1," KES 39,553.00 "
Great Dane,Kisumu,20,Male,Vaccinated,Certified,Large,3," KES 68,974.00 "
Chihuahua,Machakos,16,Male,Vaccinated,Certified,Medium,7," KES 37,666.00 "
Doberman,Kericho,19,Male,Vaccinated,Certified,Large,7," KES 55,504.00 "
Doberman,Kericho,12,Female,Not Vaccinated,Not Certified,Medium,8," KES 33,786.00 "
Beagle,Kericho,20,Male,Vaccinated,Certified,Large,6," KES 36,634.00 "
Siberian Husky,Mombasa,19,Male,Vaccinated,Not Certified,Medium,6," KES 20,980.00 "
Chihuahua,Nairobi,24,Male,Vaccinated,Not Certified,Small,10," KES 44,556.00 "
Golden Retriever,Nyeri,17,Female,Vaccinated,Certified,Small,3," KES 44,050.00 "
Dachshund,Kericho,17,Female,Not Vaccinated,Not Certified,Small,2," KES 15,607.00 "
Dachshund,Thika,24,Male,Not Vaccinated,Certified,Large,4," KES 53,509.00 "
Maltese,Nyeri,20,Male,Vaccinated,Certified,Small,3," KES 32,710.00 "
Beagle,Machakos,10,Male,Vaccinated,Certified,Small,7," KES 54,600.00 "
Chihuahua,Machakos,13,Male,Vaccinated,Not Certified,Medium,8," KES 69,681.00 "
Poodle,Eldoret,18,Female,Not Vaccinated,Certified,Large,9," KES 57,442.00 "
Bulldog,Machakos,5,Female,Not Vaccinated,Not Certified,Large,8," KES 31,037.00 "
German Shepherd,Thika,21,Male,Vaccinated,Not Certified,Medium,6," KES 57,737.00 "
Chihuahua,Kisumu,2,Male,Not Vaccinated,Not Certified,Small,4," KES 54,310.00 "
Shih Tzu,Nakuru,10,Female,Not Vaccinated,Not Certified,Medium,1," KES 48,223.00 "
Doberman,Nakuru,3,Female,Not Vaccinated,Certified,Small,3," KES 49,457.00 "
Rottweiler,Nyeri,18,Female,Not Vaccinated,Not Certified,Medium,5," KES 33,249.00 "
Dachshund,Machakos,21,Female,Not Vaccinated,Certified,Small,6," KES 51,747.00 "
Rottweiler,Nyeri,23,Male,Not Vaccinated,Not Certified,Medium,9," KES 28,163.00 "
Dachshund,Kericho,24,Male,Vaccinated,Certified,Large,4," KES 50,873.00 "
Chihuahua,Mombasa,4,Male,Vaccinated,Not Certified,Medium,5," KES 47,650.00 "
Maltese,Nairobi,18,Male,Vaccinated,Certified,Small,4," KES 62,535.00 "
Bulldog,Mombasa,17,Male,Vaccinated,Not Certified,Large,6," KES 54,318.00 "
Dachshund,Kericho,22,Female,Vaccinated,Certified,Medium,5," KES 27,130.00 "
Rottweiler,Nairobi,20,Male,Vaccinated,Certified,Small,10," KES 66,479.00 "
Beagle,Mombasa,22,Female,Not Vaccinated,Not Certified,Small,1," KES 21,874.00 "
Siberian Husky,Kericho,17,Female,Vaccinated,Certified,Small,4," KES 61,723.00 "
Chihuahua,Nyeri,20,Male,Vaccinated,Not Certified,Large,2," KES 22,553.00 "
Doberman,Thika,9,Female,Vaccinated,Not Certified,Small,5," KES 61,043.00 "
Chihuahua,Thika,24,Female,Not Vaccinated,Not Certified,Large,1," KES 45,854.00 "
Poodle,Nairobi,22,Female,Not Vaccinated,Not Certified,Medium,8," KES 24,149.00 "
Rottweiler,Kericho,12,Male,Vaccinated,Certified,Medium,9," KES 70,940.00 "
Maltese,Mombasa,10,Male,Vaccinated,Not Certified,Large,7," KES 30,427.00 "
Siberian Husky,Kisumu,2,Male,Not Vaccinated,Certified,Large,7," KES 57,916.00 "
German Shepherd,Mombasa,3,Female,Vaccinated,Not Certified,Small,7," KES 52,497.00 "
Golden Retriever,Nyeri,16,Male,Vaccinated,Certified,Large,5," KES 71,302.00 "
Doberman,Mombasa,19,Male,Not Vaccinated,Certified,Large,6," KES 55,467.00 "
Maltese,Mombasa,11,Male,Vaccinated,Not Certified,Large,10," KES 51,588.00 "
Golden Retriever,Nairobi,9,Male,Not Vaccinated,Not Certified,Large,1," KES 46,510.00 "
Boxer,Machakos,14,Male,Not Vaccinated,Certified,Medium,10," KES 40,576.00 "
Chihuahua,Nyeri,12,Male,Vaccinated,Certified,Medium,2," KES 39,755.00 "
Labrador Retriever,Thika,4,Male,Vaccinated,Certified,Small,4," KES 35,839.00 "
Doberman,Naivasha,20,Male,Vaccinated,Not Certified,Medium,9," KES 44,439.00 "
Maltese,Kericho,5,Female,Vaccinated,Not Certified,Large,7," KES 49,857.00 "
Bulldog,Naivasha,16,Male,Vaccinated,Certified,Small,2," KES 51,886.00 "
German Shepherd,Kericho,15,Male,Vaccinated,Certified,Medium,6," KES 68,752.00 "
Boxer,Kericho,13,Female,Vaccinated,Not Certified,Small,1," KES 22,060.00 "
Siberian Husky,Nakuru,2,Male,Vaccinated,Not Certified,Small,6," KES 30,613.00 "
Golden Retriever,Machakos,4,Male,Not Vaccinated,Not Certified,Small,7," KES 27,357.00 "
Rottweiler,Nairobi,15,Male,Vaccinated,Not Certified,Small,1," KES 26,802.00 "
Golden Retriever,Nairobi,2,Female,Vaccinated,Not Certified,Medium,1," KES 38,221.00 "
Bulldog,Thika,19,Male,Not Vaccinated,Not Certified,Large,7," KES 19,351.00 "
Boxer,Nakuru,10,Female,Not Vaccinated,Not Certified,Large,9," KES 30,283.00 "
Poodle,Nyeri,20,Male,Not Vaccinated,Certified,Small,8," KES 60,191.00 "
Golden Retriever,Eldoret,20,Male,Vaccinated,Not Certified,Medium,5," KES 60,469.00 "
Rottweiler,Thika,5,Male,Not Vaccinated,Not Certified,Small,2," KES 24,066.00 "
Maltese,Machakos,15,Male,Not Vaccinated,Certified,Large,7," KES 54,598.00 "
Shih Tzu,Kisumu,3,Female,Vaccinated,Certified,Large,8," KES 74,592.00 "
Labrador Retriever,Kisumu,17,Female,Vaccinated,Not Certified,Large,1," KES 26,529.00 "
Golden Retriever,Nakuru,7,Female,Not Vaccinated,Certified,Large,6," KES 68,478.00 "
Boxer,Thika,16,Male,Not Vaccinated,Not Certified,Medium,1," KES 24,952.00 "
Doberman,Nyeri,16,Male,Vaccinated,Certified,Large,8," KES 62,457.00 "
Boxer,Thika,6,Female,Not Vaccinated,Certified,Small,1," KES 52,855.00 "
German Shepherd,Nyeri,21,Female,Not Vaccinated,Certified,Small,1," KES 59,901.00 "
Chihuahua,Nyeri,7,Male,Not Vaccinated,Not Certified,Large,6," KES 43,627.00 "
Labrador Retriever,Nairobi,24,Female,Not Vaccinated,Not Certified,Large,7," KES 32,856.00 "
Labrador Retriever,Nairobi,14,Male,Vaccinated,Certified,Large,1," KES 59,194.00 "
Great Dane,Kisumu,16,Male,Not Vaccinated,Certified,Small,8," KES 50,160.00 "
Poodle,Nakuru,17,Female,Not Vaccinated,Not Certified,Large,8," KES 27,357.00 "
Doberman,Nyeri,24,Male,Not Vaccinated,Not Certified,Small,4," KES 27,075.00 "
Chihuahua,Nakuru,9,Female,Vaccinated,Certified,Medium,6," KES 63,410.00 "
Golden Retriever,Kericho,10,Male,Vaccinated,Certified,Small,1," KES 39,602.00 "
Rottweiler,Eldoret,24,Female,Not Vaccinated,Not Certified,Small,9," KES 31,551.00 "
Beagle,Thika,6,Female,Not Vaccinated,Certified,Small,10," KES 38,912.00 "
Poodle,Thika,23,Male,Vaccinated,Certified,Large,10," KES 45,710.00 "
Golden Retriever,Thika,23,Male,Vaccinated,Certified,Small,2," KES 39,855.00 "
Poodle,Nakuru,3,Female,Not Vaccinated,Certified,Small,9," KES 50,522.00 "
Golden Retriever,Mombasa,19,Female,Not Vaccinated,Certified,Large,9," KES 63,956.00 "
Doberman,Kericho,20,Male,Not Vaccinated,Not Certified,Large,7," KES 47,994.00 "
Poodle,Nakuru,24,Male,Vaccinated,Not Certified,Small,8," KES 68,250.00 "
Dachshund,Nyeri,16,Male,Vaccinated,Not Certified,Medium,6," KES 45,096.00 "
Chihuahua,Thika,8,Female,Vaccinated,Not Certified,Small,5," KES 64,829.00 "
Bulldog,Thika,18,Female,Vaccinated,Certified,Large,9," KES 50,355.00 "
Doberman,Nairobi,8,Female,Vaccinated,Not Certified,Small,2," KES 40,353.00 "
Golden Retriever,Mombasa,24,Female,Not Vaccinated,Certified,Large,9," KES 45,249.00 "
German Shepherd,Nairobi,24,Male,Not Vaccinated,Not Certified,Small,10," KES 51,302.00 "
Boxer,Kisumu,23,Male,Not Vaccinated,Not Certified,Medium,9," KES 21,303.00 "
Maltese,Machakos,18,Female,Vaccinated,Not Certified,Large,9," KES 72,867.00 "
Shih Tzu,Nairobi,22,Male,Vaccinated,Certified,Small,9," KES 62,479.00 "
Rottweiler,Kericho,7,Male,Not Vaccinated,Not Certified,Medium,9," KES 30,276.00 "
Boxer,Nairobi,12,Male,Vaccinated,Not Certified,Small,2," KES 45,917.00 "
Dachshund,Eldoret,10,Female,Not Vaccinated,Not Certified,Medium,2," KES 41,063.00 "
Siberian Husky,Nyeri,9,Male,Not Vaccinated,Certified,Medium,10," KES 64,542.00 "
Great Dane,Mombasa,15,Male,Not Vaccinated,Not Certified,Medium,7," KES 47,331.00 "
Boxer,Nyeri,6,Female,Vaccinated,Certified,Medium,7," KES 43,408.00 "
Chihuahua,Machakos,22,Female,Vaccinated,Not Certified,Medium,9," KES 55,787.00 "
Shih Tzu,Nakuru,16,Male,Vaccinated,Not Certified,Large,9," KES 56,449.00 "
Golden Retriever,Nyeri,8,Female,Not Vaccinated,Certified,Large,7," KES 31,625.00 "
Great Dane,Nakuru,14,Male,Not Vaccinated,Not Certified,Large,9," KES 65,448.00 "
Rottweiler,Mombasa,18,Female,Not Vaccinated,Not Certified,Small,1," KES 53,040.00 "
Great Dane,Kericho,9,Female,Vaccinated,Certified,Small,1," KES 38,491.00 "
Poodle,Kisumu,20,Female,Not Vaccinated,Not Certified,Large,8," KES 29,394.00 "
Siberian Husky,Nyeri,15,Female,Not Vaccinated,Not Certified,Medium,8," KES 51,683.00 "
Poodle,Naivasha,18,Male,Not Vaccinated,Not Certified,Small,7," KES 13,271.00 "
Boxer,Kericho,14,Female,Not Vaccinated,Not Certified,Medium,4," KES 39,784.00 "
Boxer,Thika,12,Female,Not Vaccinated,Not Certified,Large,8," KES 44,407.00 "
Great Dane,Nairobi,2,Female,Vaccinated,Not Certified,Large,10," KES 51,125.00 "
Chihuahua,Thika,2,Female,Vaccinated,Not Certified,Large,4," KES 59,862.00 "
Boxer,Nakuru,13,Male,Not Vaccinated,Certified,Medium,7," KES 47,506.00 "
Doberman,Nakuru,7,Female,Not Vaccinated,Not Certified,Small,2," KES 32,130.00 "
Shih Tzu,Nyeri,9,Male,Vaccinated,Certified,Medium,8," KES 64,244.00 "
Maltese,Mombasa,17,Female,Vaccinated,Not Certified,Small,4," KES 25,688.00 "
Bulldog,Mombasa,3,Female,Vaccinated,Not Certified,Small,2," KES 31,708.00 "
Maltese,Naivasha,23,Male,Vaccinated,Certified,Medium,10," KES 47,083.00 "
Bulldog,Eldoret,24,Female,Not Vaccinated,Certified,Large,7," KES 45,886.00 "
Siberian Husky,Nakuru,11,Male,Vaccinated,Certified,Small,9," KES 48,334.00 "
Shih Tzu,Eldoret,15,Female,Not Vaccinated,Certified,Large,3," KES 46,496.00 "
Boxer,Nakuru,23,Male,Vaccinated,Certified,Large,1," KES 66,158.00 "
Boxer,Nakuru,23,Female,Vaccinated,Not Certified,Small,9," KES 41,481.00 "
German Shepherd,Naivasha,17,Female,Vaccinated,Not Certified,Small,9," KES 60,935.00 "
Bulldog,Nairobi,24,Female,Not Vaccinated,Certified,Medium,3," KES 28,385.00 "
Boxer,Kericho,5,Female,Not Vaccinated,Not Certified,Large,7," KES 30,582.00 "
Dachshund,Eldoret,23,Male,Not Vaccinated,Not Certified,Small,6," KES 24,596.00 "
Rottweiler,Nakuru,18,Male,Vaccinated,Certified,Large,7," KES 42,216.00 "
Rottweiler,Mombasa,16,Male,Vaccinated,Not Certified,Small,4," KES 43,310.00 "
Golden Retriever,Eldoret,2,Male,Not Vaccinated,Not Certified,Small,2," KES 31,133.00 "
Doberman,Kericho,13,Male,Not Vaccinated,Certified,Large,3," KES 62,016.00 "
Golden Retriever,Kisumu,6,Female,Not Vaccinated,Certified,Medium,6," KES 42,097.00 "
Great Dane,Naivasha,11,Female,Vaccinated,Certified,Medium,1," KES 57,606.00 "
Doberman,Kericho,4,Female,Not Vaccinated,Certified,Medium,9," KES 74,853.00 "
Dachshund,Naivasha,20,Male,Not Vaccinated,Not Certified,Medium,2," KES 15,217.00 "
Rottweiler,Kericho,4,Female,Not Vaccinated,Not Certified,Medium,10," KES 46,317.00 "
Doberman,Eldoret,7,Male,Not Vaccinated,Certified,Medium,7," KES 25,866.00 "
Maltese,Machakos,13,Female,Vaccinated,Certified,Medium,2," KES 29,246.00 "
Labrador Retriever,Nairobi,11,Female,Not Vaccinated,Certified,Large,5," KES 71,611.00 "
Dachshund,Kericho,8,Female,Not Vaccinated,Certified,Large,6," KES 30,442.00 "
Labrador Retriever,Machakos,14,Male,Not Vaccinated,Not Certified,Large,5," KES 32,095.00 "
Beagle,Nyeri,21,Female,Vaccinated,Not Certified,Large,9," KES 31,488.00 "
Shih Tzu,Naivasha,19,Male,Vaccinated,Certified,Medium,9," KES 46,320.00 "
Bulldog,Kericho,6,Female,Not Vaccinated,Not Certified,Medium,7," KES 41,826.00 "
Labrador Retriever,Machakos,8,Male,Vaccinated,Not Certified,Large,6," KES 28,112.00 "
Shih Tzu,Kisumu,21,Male,Vaccinated,Certified,Medium,7," KES 50,647.00 "
Siberian Husky,Nakuru,4,Male,Not Vaccinated,Certified,Large,1," KES 40,070.00 "
Chihuahua,Machakos,11,Male,Not Vaccinated,Certified,Medium,2," KES 64,150.00 "
Rottweiler,Mombasa,15,Female,Not Vaccinated,Not Certified,Small,4," KES 56,973.00 "
Shih Tzu,Thika,14,Male,Not Vaccinated,Not Certified,Medium,8," KES 61,771.00 "
Boxer,Mombasa,3,Male,Vaccinated,Not Certified,Large,10," KES 62,979.00 "
Poodle,Mombasa,14,Male,Vaccinated,Not Certified,Medium,7," KES 29,603.00 "
Boxer,Nyeri,15,Female,Vaccinated,Not Certified,Medium,3," KES 42,014.00 "
Maltese,Nyeri,20,Female,Vaccinated,Certified,Medium,6," KES 55,381.00 "
Chihuahua,Eldoret,18,Male,Not Vaccinated,Certified,Small,5," KES 45,191.00 "
Doberman,Nakuru,4,Female,Not Vaccinated,Not Certified,Small,5," KES 19,560.00 "
Shih Tzu,Kisumu,16,Male,Vaccinated,Not Certified,Large,9," KES 69,618.00 "
Boxer,Thika,15,Female,Not Vaccinated,Not Certified,Large,1," KES 33,176.00 "
Boxer,Eldoret,3,Male,Not Vaccinated,Certified,Medium,4," KES 27,211.00 "
Poodle,Kisumu,3,Male,Vaccinated,Not Certified,Small,7," KES 27,527.00 "
Doberman,Thika,7,Female,Not Vaccinated,Certified,Large,5," KES 69,768.00 "
Maltese,Kisumu,9,Female,Not Vaccinated,Certified,Medium,10," KES 51,404.00 "
Labrador Retriever,Kisumu,8,Male,Not Vaccinated,Not Certified,Small,8," KES 39,785.00 "
Beagle,Eldoret,22,Female,Not Vaccinated,Certified,Small,8," KES 70,929.00 "
Golden Retriever,Nairobi,24,Male,Not Vaccinated,Not Certified,Large,9," KES 52,899.00 "
Labrador Retriever,Kisumu,5,Male,Vaccinated,Not Certified,Large,6," KES 33,674.00 "
Labrador Retriever,Nyeri,24,Male,Not Vaccinated,Not Certified,Medium,10," KES 44,111.00 "
Bulldog,Machakos,3,Female,Not Vaccinated,Not Certified,Small,4," KES 42,844.00 "
Boxer,Kericho,24,Male,Not Vaccinated,Certified,Small,3," KES 31,006.00 "
Shih Tzu,Eldoret,2,Male,Vaccinated,Certified,Medium,8," KES 45,717.00 "
Shih Tzu,Kisumu,16,Female,Vaccinated,Not Certified,Medium,7," KES 18,675.00 "
Boxer,Mombasa,22,Male,Not Vaccinated,Not Certified,Small,7," KES 37,223.00 "
Boxer,Kisumu,15,Male,Not Vaccinated,Not Certified,Small,1," KES 29,371.00 "
Great Dane,Thika,23,Male,Vaccinated,Not Certified,Small,10," KES 36,695.00 "
Maltese,Thika,15,Female,Vaccinated,Not Certified,Small,5," KES 44,022.00 "
Beagle,Kericho,14,Female,Not Vaccinated,Certified,Small,4," KES 32,579.00 "
Maltese,Kericho,20,Male,Not Vaccinated,Certified,Small,7," KES 54,537.00 "
Beagle,Kericho,8,Female,Not Vaccinated,Certified,Large,1," KES 74,447.00 "
German Shepherd,Eldoret,14,Female,Vaccinated,Certified,Medium,2," KES 42,582.00 "
Poodle,Kericho,7,Female,Not Vaccinated,Certified,Large,5," KES 54,495.00 "
Doberman,Thika,11,Female,Vaccinated,Not Certified,Large,2," KES 66,978.00 "
Dachshund,Nakuru,8,Female,Not Vaccinated,Not Certified,Medium,1," KES 34,616.00 "
Maltese,Eldoret,15,Male,Vaccinated,Not Certified,Large,4," KES 33,553.00 "
Shih Tzu,Thika,14,Female,Not Vaccinated,Certified,Small,10," KES 32,239.00 "
Chihuahua,Nakuru,18,Female,Vaccinated,Not Certified,Medium,2," KES 33,570.00 "
Shih Tzu,Kericho,19,Male,Vaccinated,Certified,Small,6," KES 51,768.00 "
Great Dane,Eldoret,20,Female,Not Vaccinated,Not Certified,Large,2," KES 54,501.00 "
Shih Tzu,Thika,8,Female,Vaccinated,Certified,Medium,1," KES 54,555.00 "
Doberman,Thika,20,Male,Vaccinated,Certified,Medium,10," KES 45,419.00 "
Rottweiler,Kericho,14,Male,Vaccinated,Certified,Medium,7," KES 36,242.00 "
German Shepherd,Thika,24,Female,Not Vaccinated,Not Certified,Small,7," KES 15,315.00 "
Boxer,Eldoret,22,Male,Vaccinated,Not Certified,Large,7," KES 45,863.00 "
Maltese,Nairobi,11,Female,Vaccinated,Certified,Medium,9," KES 75,097.00 "
Doberman,Nakuru,6,Female,Vaccinated,Not Certified,Medium,7," KES 30,067.00 "
Dachshund,Machakos,18,Male,Not Vaccinated,Not Certified,Small,10," KES 59,898.00 "
Doberman,Nyeri,11,Female,Vaccinated,Certified,Large,5," KES 74,023.00 "
Rottweiler,Naivasha,9,Female,Not Vaccinated,Certified,Medium,3," KES 54,629.00 "
Shih Tzu,Kericho,22,Female,Vaccinated,Certified,Small,9," KES 44,640.00 "
Dachshund,Nakuru,5,Female,Not Vaccinated,Not Certified,Large,9," KES 50,047.00 "
Bulldog,Mombasa,24,Male,Vaccinated,Not Certified,Medium,9," KES 54,620.00 "
Doberman,Eldoret,22,Female,Not Vaccinated,Not Certified,Small,1," KES 32,431.00 "
German Shepherd,Kisumu,2,Female,Vaccinated,Certified,Large,4," KES 43,698.00 "
Doberman,Eldoret,16,Male,Vaccinated,Certified,Small,5," KES 28,329.00 "
Shih Tzu,Machakos,5,Male,Not Vaccinated,Not Certified,Medium,2," KES 36,757.00 "
Beagle,Machakos,20,Female,Not Vaccinated,Not Certified,Large,4," KES 43,767.00 "
Labrador Retriever,Kericho,7,Male,Vaccinated,Not Certified,Large,8," KES 37,807.00 "
Siberian Husky,Naivasha,17,Female,Not Vaccinated,Not Certified,Large,6," KES 37,714.00 "
German Shepherd,Machakos,18,Male,Not Vaccinated,Not Certified,Small,5," KES 46,635.00 "
Boxer,Naivasha,11,Female,Not Vaccinated,Not Certified,Large,8," KES 67,196.00 "
Great Dane,Kisumu,9,Female,Vaccinated,Not Certified,Medium,9," KES 32,748.00 "
Shih Tzu,Machakos,7,Female,Vaccinated,Certified,Small,7," KES 33,242.00 "
German Shepherd,Kisumu,2,Male,Vaccinated,Not Certified,Medium,4," KES 38,435.00 "
Golden Retriever,Nairobi,8,Male,Not Vaccinated,Certified,Small,2," KES 44,317.00 "
Doberman,Mombasa,12,Male,Vaccinated,Certified,Small,4," KES 43,856.00 "
Poodle,Nakuru,16,Male,Not Vaccinated,Not Certified,Medium,1," KES 34,943.00 "
German Shepherd,Machakos,13,Female,Not Vaccinated,Not Certified,Large,8," KES 33,398.00 "
Chihuahua,Eldoret,9,Male,Vaccinated,Certified,Large,6," KES 59,783.00 "
Great Dane,Naivasha,18,Male,Not Vaccinated,Not Certified,Medium,2," KES 46,570.00 "
Golden Retriever,Machakos,3,Female,Vaccinated,Certified,Medium,6," KES 40,281.00 "
Labrador Retriever,Kisumu,8,Female,Vaccinated,Not Certified,Medium,6," KES 61,066.00 "
Dachshund,Nairobi,8,Female,Not Vaccinated,Not Certified,Small,10," KES 59,099.00 "
Doberman,Machakos,4,Male,Not Vaccinated,Not Certified,Small,1," KES 47,027.00 "
German Shepherd,Nakuru,23,Female,Vaccinated,Certified,Large,9," KES 66,752.00 "
Rottweiler,Thika,8,Male,Not Vaccinated,Not Certified,Small,2," KES 42,579.00 "
Labrador Retriever,Mombasa,10,Male,Vaccinated,Not Certified,Medium,8," KES 34,013.00 "
Maltese,Kericho,22,Male,Vaccinated,Not Certified,Small,2," KES 17,352.00 "
Chihuahua,Eldoret,17,Male,Not Vaccinated,Not Certified,Small,9," KES 27,649.00 "
Great Dane,Eldoret,3,Female,Not Vaccinated,Certified,Medium,9," KES 39,247.00 "
Rottweiler,Kericho,19,Female,Vaccinated,Certified,Small,9," KES 48,708.00 "
Siberian Husky,Nyeri,5,Male,Vaccinated,Certified,Small,10," KES 68,061.00 "
Labrador Retriever,Nyeri,8,Male,Not Vaccinated,Certified,Small,5," KES 35,332.00 "
Labrador Retriever,Kericho,13,Male,Vaccinated,Certified,Medium,3," KES 67,459.00 "
Dachshund,Thika,11,Female,Vaccinated,Certified,Medium,9," KES 42,788.00 "
Shih Tzu,Machakos,17,Female,Vaccinated,Not Certified,Large,3," KES 50,348.00 "
Labrador Retriever,Naivasha,21,Female,Vaccinated,Not Certified,Large,10," KES 54,239.00 "
Golden Retriever,Naivasha,16,Female,Vaccinated,Not Certified,Medium,8," KES 47,769.00 "
Shih Tzu,Kericho,3,Male,Not Vaccinated,Not Certified,Small,10," KES 32,718.00 "
Poodle,Nakuru,21,Female,Not Vaccinated,Certified,Large,1," KES 56,377.00 "
Golden Retriever,Kericho,13,Female,Not Vaccinated,Not Certified,Small,8," KES 47,689.00 "
Golden Retriever,Kisumu,9,Female,Vaccinated,Certified,Large,7," KES 74,298.00 "
Bulldog,Machakos,18,Male,Vaccinated,Certified,Small,10," KES 52,420.00 "
Labrador Retriever,Nairobi,18,Female,Vaccinated,Not Certified,Large,6," KES 24,401.00 "
Shih Tzu,Mombasa,10,Male,Vaccinated,Not Certified,Medium,5," KES 26,792.00 "
German Shepherd,Nakuru,17,Female,Vaccinated,Certified,Medium,5," KES 29,013.00 "
Golden Retriever,Eldoret,22,Female,Not Vaccinated,Certified,Large,4," KES 47,738.00 "
Bulldog,Nairobi,10,Female,Not Vaccinated,Not Certified,Small,9," KES 47,730.00 "
Doberman,Thika,23,Female,Not Vaccinated,Certified,Small,9," KES 43,795.00 "
Labrador Retriever,Nyeri,18,Male,Not Vaccinated,Not Certified,Large,8," KES 52,626.00 "
Maltese,Naivasha,18,Male,Vaccinated,Certified,Medium,1," KES 30,072.00 "
Chihuahua,Nairobi,13,Male,Not Vaccinated,Certified,Medium,8," KES 73,031.00 "
Poodle,Machakos,16,Male,Vaccinated,Not Certified,Medium,2," KES 32,247.00 "
Great Dane,Machakos,19,Male,Vaccinated,Not Certified,Small,4," KES 53,341.00 "
Shih Tzu,Nairobi,4,Female,Vaccinated,Certified,Large,4," KES 38,420.00 "
Great Dane,Nakuru,23,Female,Not Vaccinated,Not Certified,Large,5," KES 36,619.00 "
Siberian Husky,Thika,18,Male,Vaccinated,Not Certified,Large,7," KES 53,182.00 "
Boxer,Mombasa,10,Male,Vaccinated,Not Certified,Medium,4," KES 31,459.00 "
Boxer,Thika,3,Male,Vaccinated,Certified,Small,6," KES 46,149.00 "
Golden Retriever,Kericho,10,Male,Vaccinated,Certified,Large,7," KES 50,359.00 "
Poodle,Kisumu,15,Male,Vaccinated,Certified,Large,2," KES 56,060.00 "
Siberian Husky,Eldoret,12,Female,Vaccinated,Certified,Medium,9," KES 40,262.00 "
Great Dane,Kisumu,7,Female,Vaccinated,Certified,Small,8," KES 65,105.00 "
Great Dane,Machakos,20,Female,Not Vaccinated,Certified,Small,3," KES 36,776.00 "
Golden Retriever,Nyeri,4,Male,Not Vaccinated,Not Certified,Small,6," KES 39,511.00 "
Beagle,Nyeri,16,Female,Not Vaccinated,Certified,Medium,4," KES 63,566.00 "
German Shepherd,Thika,17,Female,Vaccinated,Certified,Small,4," KES 63,509.00 "
Rottweiler,Nakuru,7,Female,Not Vaccinated,Not Certified,Medium,2," KES 51,029.00 "
Bulldog,Nakuru,4,Male,Not Vaccinated,Not Certified,Medium,10," KES 62,478.00 "
Great Dane,Kisumu,14,Male,Not Vaccinated,Certified,Large,1," KES 54,985.00 "
Dachshund,Kisumu,5,Male,Not Vaccinated,Not Certified,Medium,7," KES 32,252.00 "
Golden Retriever,Mombasa,8,Female,Not Vaccinated,Certified,Small,10," KES 73,075.00 "
Dachshund,Kisumu,8,Female,Not Vaccinated,Not Certified,Medium,9," KES 47,832.00 "
Shih Tzu,Machakos,12,Male,Not Vaccinated,Certified,Large,3," KES 73,541.00 "
Boxer,Nakuru,24,Male,Vaccinated,Not Certified,Small,5," KES 48,115.00 "
Golden Retriever,Thika,9,Female,Not Vaccinated,Not Certified,Small,10," KES 40,365.00 "
Poodle,Mombasa,15,Female,Vaccinated,Certified,Medium,8," KES 78,335.00 "
Siberian Husky,Naivasha,11,Male,Not Vaccinated,Not Certified,Medium,4," KES 21,952.00 "
Shih Tzu,Nyeri,9,Female,Not Vaccinated,Certified,Medium,7," KES 54,827.00 "
Beagle,Thika,9,Male,Vaccinated,Not Certified,Large,6," KES 41,570.00 "
Shih Tzu,Nairobi,20,Female,Not Vaccinated,Not Certified,Large,10," KES 49,945.00 "
Maltese,Machakos,11,Female,Not Vaccinated,Not Certified,Small,2," KES 20,495.00 "
Maltese,Kisumu,10,Female,Vaccinated,Not Certified,Small,5," KES 54,868.00 "
German Shepherd,Mombasa,21,Male,Vaccinated,Not Certified,Small,3," KES 44,584.00 "
Beagle,Nyeri,11,Female,Not Vaccinated,Certified,Small,10," KES 55,691.00 "
Beagle,Nairobi,8,Female,Not Vaccinated,Certified,Small,6," KES 65,669.00 "
Dachshund,Eldoret,14,Female,Vaccinated,Certified,Medium,10," KES 53,519.00 "
Beagle,Kisumu,24,Female,Not Vaccinated,Not Certified,Small,9," KES 20,487.00 "
German Shepherd,Thika,2,Female,Vaccinated,Not Certified,Medium,9," KES 43,679.00 "
German Shepherd,Nakuru,17,Male,Vaccinated,Certified,Large,8," KES 44,869.00 "
Golden Retriever,Nakuru,6,Female,Vaccinated,Certified,Small,5," KES 37,143.00 "
Chihuahua,Eldoret,9,Male,Not Vaccinated,Certified,Large,7," KES 62,280.00 "
Bulldog,Nyeri,21,Female,Vaccinated,Certified,Medium,9," KES 69,623.00 "
Bulldog,Naivasha,8,Female,Not Vaccinated,Not Certified,Large,1," KES 54,420.00 "
German Shepherd,Thika,8,Male,Not Vaccinated,Certified,Large,8," KES 73,871.00 "
Dachshund,Eldoret,9,Female,Vaccinated,Certified,Large,6," KES 72,499.00 "
Dachshund,Nairobi,18,Male,Not Vaccinated,Certified,Large,9," KES 62,735.00 "
Maltese,Thika,4,Female,Not Vaccinated,Certified,Large,3," KES 67,493.00 "
Dachshund,Nyeri,5,Female,Not Vaccinated,Not Certified,Medium,7," KES 31,742.00 "
Beagle,Eldoret,2,Female,Vaccinated,Certified,Medium,3," KES 60,311.00 "
Maltese,Eldoret,20,Female,Vaccinated,Certified,Small,7," KES 52,243.00 "
Poodle,Kericho,10,Female,Vaccinated,Not Certified,Small,10," KES 35,256.00 "
Siberian Husky,Kericho,15,Male,Vaccinated,Not Certified,Medium,8," KES 34,232.00 "
Doberman,Nairobi,15,Female,Not Vaccinated,Certified,Medium,5," KES 63,393.00 "
Poodle,Machakos,3,Female,Vaccinated,Not Certified,Large,8," KES 56,065.00 "
Chihuahua,Mombasa,6,Female,Vaccinated,Not Certified,Large,1," KES 50,872.00 "
Bulldog,Kericho,8,Male,Not Vaccinated,Not Certified,Medium,1," KES 58,879.00 "
Bulldog,Nyeri,23,Female,Vaccinated,Certified,Large,3," KES 60,163.00 "
Labrador Retriever,Machakos,6,Female,Not Vaccinated,Certified,Small,6," KES 54,742.00 "
Chihuahua,Naivasha,12,Female,Vaccinated,Certified,Large,8," KES 52,897.00 "
Boxer,Eldoret,11,Male,Vaccinated,Not Certified,Medium,6," KES 23,314.00 "
Maltese,Nyeri,13,Male,Not Vaccinated,Certified,Small,6," KES 23,914.00 "
German Shepherd,Eldoret,22,Female,Not Vaccinated,Not Certified,Medium,3," KES 22,995.00 "
Poodle,Nyeri,6,Male,Vaccinated,Certified,Small,6," KES 73,972.00 "
Bulldog,Kericho,6,Female,Not Vaccinated,Not Certified,Medium,9," KES 39,464.00 "
Maltese,Thika,10,Female,Not Vaccinated,Not Certified,Small,8," KES 54,493.00 "
Golden Retriever,Thika,21,Female,Not Vaccinated,Certified,Small,2," KES 53,134.00 "
Rottweiler,Machakos,8,Female,Vaccinated,Not Certified,Medium,7," KES 31,894.00 "
Bulldog,Kericho,21,Male,Not Vaccinated,Not Certified,Large,2," KES 20,335.00 "
Poodle,Nyeri,21,Male,Not Vaccinated,Not Certified,Large,8," KES 44,830.00 "
Dachshund,Machakos,24,Male,Vaccinated,Certified,Large,3," KES 75,500.00 "
Doberman,Thika,15,Male,Not Vaccinated,Certified,Medium,3," KES 47,037.00 "
Shih Tzu,Machakos,15,Male,Not Vaccinated,Not Certified,Medium,8," KES 30,819.00 "
German Shepherd,Kericho,11,Male,Vaccinated,Certified,Large,7," KES 54,904.00 "
Chihuahua,Mombasa,22,Male,Not Vaccinated,Not Certified,Medium,4," KES 16,905.00 "
Poodle,Nyeri,24,Female,Not Vaccinated,Certified,Large,1," KES 68,505.00 "
Labrador Retriever,Nakuru,12,Female,Not Vaccinated,Not Certified,Medium,2," KES 21,428.00 "
Rottweiler,Kericho,14,Male,Not Vaccinated,Certified,Large,6," KES 67,391.00 "
Rottweiler,Eldoret,12,Male,Not Vaccinated,Certified,Medium,5," KES 45,512.00 "
Beagle,Nairobi,5,Female,Vaccinated,Certified,Medium,7," KES 43,814.00 "
Great Dane,Eldoret,17,Female,Not Vaccinated,Not Certified,Small,2," KES 50,514.00 "
Rottweiler,Thika,16,Female,Not Vaccinated,Certified,Large,6," KES 53,165.00 "
German Shepherd,Machakos,11,Male,Not Vaccinated,Not Certified,Small,9," KES 38,504.00 "
Bulldog,Naivasha,4,Female,Not Vaccinated,Not Certified,Medium,7," KES 17,377.00 "
Golden Retriever,Nyeri,7,Female,Vaccinated,Certified,Small,9," KES 64,404.00 "
Siberian Husky,Machakos,2,Female,Vaccinated,Not Certified,Large,1," KES 39,401.00 "
Bulldog,Thika,9,Male,Not Vaccinated,Not Certified,Medium,7," KES 54,012.00 "
Beagle,Kisumu,4,Male,Vaccinated,Not Certified,Large,6," KES 59,587.00 "
Shih Tzu,Mombasa,22,Male,Vaccinated,Not Certified,Small,2," KES 29,051.00 "
Doberman,Machakos,20,Female,Not Vaccinated,Not Certified,Large,4," KES 53,638.00 "
Shih Tzu,Nairobi,14,Male,Not Vaccinated,Not Certified,Small,7," KES 12,505.00 "
Maltese,Nyeri,19,Female,Vaccinated,Certified,Medium,4," KES 31,973.00 "
Doberman,Nairobi,16,Female,Not Vaccinated,Not Certified,Small,8," KES 37,569.00 "
Beagle,Kisumu,18,Female,Not Vaccinated,Certified,Small,9," KES 60,200.00 "
Doberman,Kericho,8,Female,Vaccinated,Not Certified,Small,2," KES 53,502.00 "
Shih Tzu,Eldoret,15,Female,Vaccinated,Certified,Small,1," KES 39,641.00 "
Golden Retriever,Kisumu,18,Male,Not Vaccinated,Certified,Small,3," KES 64,505.00 "
Dachshund,Nyeri,8,Female,Vaccinated,Certified,Large,1," KES 76,685.00 "
Poodle,Kisumu,3,Male,Not Vaccinated,Certified,Small,9," KES 68,075.00 "
Siberian Husky,Nakuru,18,Male,Vaccinated,Not Certified,Small,1," KES 27,267.00 "
German Shepherd,Nakuru,7,Male,Vaccinated,Certified,Large,9," KES 50,366.00 "
Maltese,Kisumu,19,Female,Not Vaccinated,Not Certified,Small,3," KES 16,513.00 "
Shih Tzu,Nairobi,22,Male,Vaccinated,Certified,Small,4," KES 49,450.00 "
Doberman,Nairobi,10,Female,Vaccinated,Certified,Large,8," KES 60,530.00 "
Poodle,Nairobi,13,Male,Not Vaccinated,Not Certified,Small,9," KES 24,328.00 "
Siberian Husky,Machakos,10,Male,Vaccinated,Certified,Small,6," KES 41,255.00 "
Great Dane,Machakos,14,Male,Not Vaccinated,Not Certified,Small,5," KES 38,254.00 "
Great Dane,Naivasha,20,Male,Not Vaccinated,Certified,Small,1," KES 50,955.00 "
Doberman,Thika,2,Male,Not Vaccinated,Certified,Medium,7," KES 30,301.00 "
Doberman,Mombasa,7,Female,Not Vaccinated,Not Certified,Small,5," KES 40,436.00 "
Boxer,Eldoret,5,Female,Not Vaccinated,Not Certified,Medium,5," KES 29,344.00 "
Siberian Husky,Mombasa,16,Female,Vaccinated,Certified,Medium,5," KES 28,561.00 "
Golden Retriever,Mombasa,21,Male,Vaccinated,Not Certified,Medium,9," KES 50,709.00 "
Boxer,Naivasha,10,Male,Not Vaccinated,Certified,Small,2," KES 42,321.00 "
German Shepherd,Nyeri,10,Female,Vaccinated,Certified,Small,5," KES 74,815.00 "
Maltese,Naivasha,4,Female,Not Vaccinated,Not Certified,Small,5," KES 28,215.00 "
German Shepherd,Nairobi,24,Female,Vaccinated,Certified,Large,6," KES 54,627.00 "
Dachshund,Nakuru,23,Male,Not Vaccinated,Not Certified,Small,2," KES 28,973.00 "
Shih Tzu,Nakuru,7,Female,Not Vaccinated,Not Certified,Medium,4," KES 49,709.00 "
Great Dane,Mombasa,10,Male,Vaccinated,Certified,Medium,6," KES 58,624.00 "
Beagle,Mombasa,17,Female,Not Vaccinated,Not Certified,Small,3," KES 39,067.00 "
Beagle,Mombasa,10,Male,Not Vaccinated,Certified,Medium,6," KES 52,964.00 "
Maltese,Nyeri,3,Female,Not Vaccinated,Not Certified,Large,8," KES 45,258.00 "
Maltese,Nyeri,6,Male,Vaccinated,Not Certified,Large,7," KES 45,673.00 "
Rottweiler,Kisumu,15,Female,Vaccinated,Certified,Medium,5," KES 51,645.00 "
Siberian Husky,Mombasa,10,Female,Vaccinated,Certified,Large,7," KES 78,159.00 "
Rottweiler,Kisumu,20,Female,Not Vaccinated,Certified,Small,3," KES 28,911.00 "
Boxer,Kisumu,14,Male,Vaccinated,Not Certified,Medium,5," KES 32,597.00 "
Bulldog,Nairobi,18,Female,Vaccinated,Not Certified,Large,7," KES 46,800.00 "
Golden Retriever,Thika,5,Female,Not Vaccinated,Certified,Medium,8," KES 46,217.00 "
Maltese,Kericho,8,Female,Not Vaccinated,Certified,Large,5," KES 65,226.00 "
Boxer,Nyeri,8,Female,Not Vaccinated,Not Certified,Medium,10," KES 62,873.00 "
Poodle,Thika,10,Male,Vaccinated,Certified,Medium,4," KES 51,855.00 "
Maltese,Naivasha,5,Male,Vaccinated,Certified,Medium,5," KES 30,229.00 "
German Shepherd,Nyeri,4,Male,Vaccinated,Certified,Large,5," KES 44,239.00 "
Boxer,Kericho,6,Male,Not Vaccinated,Not Certified,Medium,2," KES 59,087.00 "
Shih Tzu,Nakuru,12,Male,Not Vaccinated,Certified,Small,3," KES 63,259.00 "
Beagle,Kericho,21,Male,Vaccinated,Not Certified,Large,8," KES 31,233.00 "
Siberian Husky,Eldoret,18,Female,Vaccinated,Not Certified,Small,10," KES 40,184.00 "
Labrador Retriever,Naivasha,13,Female,Not Vaccinated,Certified,Large,4," KES 58,305.00 "
Boxer,Eldoret,23,Male,Not Vaccinated,Not Certified,Medium,4," KES 13,312.00 "
Golden Retriever,Nairobi,15,Male,Not Vaccinated,Not Certified,Small,2," KES 54,424.00 "
Labrador Retriever,Nairobi,16,Female,Vaccinated,Not Certified,Medium,8," KES 64,116.00 "
Dachshund,Kericho,12,Female,Not Vaccinated,Certified,Medium,9," KES 40,630.00 "
Great Dane,Nairobi,8,Male,Vaccinated,Certified,Small,7," KES 49,239.00 "
Siberian Husky,Mombasa,13,Male,Not Vaccinated,Not Certified,Medium,7," KES 56,547.00 "
Dachshund,Nairobi,20,Female,Vaccinated,Not Certified,Large,6," KES 23,884.00 "
Beagle,Nyeri,5,Female,Vaccinated,Not Certified,Small,2," KES 63,792.00 "
Siberian Husky,Kisumu,7,Male,Not Vaccinated,Not Certified,Small,3," KES 24,349.00 "
Poodle,Naivasha,14,Male,Not Vaccinated,Certified,Small,9," KES 45,380.00 "
Rottweiler,Naivasha,11,Female,Vaccinated,Certified,Small,6," KES 67,178.00 "
Siberian Husky,Machakos,8,Female,Not Vaccinated,Certified,Large,1," KES 39,368.00 "
German Shepherd,Kericho,8,Female,Vaccinated,Certified,Small,6," KES 33,765.00 "
Beagle,Mombasa,14,Male,Vaccinated,Certified,Medium,3," KES 60,688.00 "
Maltese,Mombasa,24,Female,Not Vaccinated,Certified,Small,8," KES 63,813.00 "
Beagle,Mombasa,17,Male,Vaccinated,Not Certified,Large,5," KES 45,627.00 "
Bulldog,Kericho,3,Female,Vaccinated,Certified,Small,4," KES 57,230.00 "
Shih Tzu,Kericho,12,Male,Not Vaccinated,Not Certified,Small,2," KES 40,162.00 "
Doberman,Machakos,18,Female,Vaccinated,Certified,Small,2," KES 49,896.00 "
Shih Tzu,Nakuru,21,Male,Not Vaccinated,Certified,Medium,7," KES 38,715.00 "
Bulldog,Naivasha,12,Female,Vaccinated,Not Certified,Large,6," KES 68,902.00 "
Boxer,Kericho,6,Female,Not Vaccinated,Not Certified,Large,5," KES 55,983.00 "
Chihuahua,Naivasha,16,Female,Not Vaccinated,Not Certified,Small,3," KES 20,449.00 "
Great Dane,Eldoret,15,Male,Vaccinated,Certified,Large,8," KES 74,216.00 "
Maltese,Kisumu,2,Male,Not Vaccinated,Certified,Medium,4," KES 51,598.00 "
Boxer,Mombasa,19,Male,Not Vaccinated,Not Certified,Large,6," KES 17,449.00 "
Boxer,Nakuru,5,Male,Not Vaccinated,Certified,Medium,7," KES 50,644.00 "
Poodle,Kericho,9,Female,Not Vaccinated,Certified,Large,4," KES 43,856.00 "
Poodle,Thika,17,Male,Not Vaccinated,Certified,Large,9," KES 38,594.00 "
Rottweiler,Machakos,15,Male,Not Vaccinated,Certified,Small,10," KES 51,077.00 "
Shih Tzu,Naivasha,23,Male,Vaccinated,Not Certified,Large,2," KES 45,930.00 "
Doberman,Machakos,24,Female,Vaccinated,Not Certified,Large,9," KES 69,597.00 "
Shih Tzu,Thika,10,Male,Not Vaccinated,Not Certified,Small,4," KES 41,746.00 "
Bulldog,Kericho,21,Female,Not Vaccinated,Not Certified,Large,5," KES 23,607.00 "
Beagle,Eldoret,15,Female,Not Vaccinated,Certified,Medium,6," KES 22,650.00 "
Beagle,Kericho,9,Female,Vaccinated,Certified,Small,9," KES 39,574.00 "
Maltese,Machakos,23,Male,Vaccinated,Certified,Medium,2," KES 32,905.00 "
Chihuahua,Nakuru,21,Male,Not Vaccinated,Certified,Large,1," KES 42,849.00 "
Bulldog,Nyeri,7,Female,Not Vaccinated,Certified,Large,4," KES 51,520.00 "
Great Dane,Kericho,16,Male,Not Vaccinated,Not Certified,Large,3," KES 40,299.00 "
German Shepherd,Nyeri,19,Female,Vaccinated,Not Certified,Small,5," KES 23,210.00 "
Maltese,Nyeri,16,Male,Vaccinated,Certified,Medium,8," KES 63,671.00 "
Poodle,Kisumu,4,Male,Not Vaccinated,Certified,Large,7," KES 44,382.00 "
Boxer,Kericho,23,Female,Vaccinated,Not Certified,Large,7," KES 28,040.00 "
Golden Retriever,Nakuru,22,Female,Not Vaccinated,Not Certified,Medium,3," KES 39,240.00 "
Boxer,Machakos,5,Female,Not Vaccinated,Not Certified,Medium,9," KES 24,246.00 "
Doberman,Machakos,9,Female,Vaccinated,Certified,Medium,8," KES 38,553.00 "
Boxer,Kisumu,10,Female,Not Vaccinated,Not Certified,Large,7," KES 64,676.00 "
Shih Tzu,Kisumu,19,Female,Vaccinated,Not Certified,Small,6," KES 55,986.00 "
Shih Tzu,Nairobi,15,Male,Vaccinated,Certified,Large,8," KES 56,779.00 "
Bulldog,Kisumu,2,Male,Vaccinated,Certified,Large,9," KES 65,003.00 "
Chihuahua,Nyeri,24,Female,Not Vaccinated,Not Certified,Medium,8," KES 36,139.00 "
Doberman,Nakuru,21,Male,Not Vaccinated,Not Certified,Small,5," KES 31,427.00 "
Great Dane,Kericho,12,Female,Vaccinated,Not Certified,Medium,2," KES 40,972.00 "
Siberian Husky,Eldoret,5,Female,Vaccinated,Certified,Medium,9," KES 82,193.00 "
Shih Tzu,Machakos,7,Male,Vaccinated,Certified,Large,6," KES 76,895.00 "
Shih Tzu,Thika,3,Male,Vaccinated,Not Certified,Small,2," KES 62,657.00 "
Doberman,Eldoret,2,Female,Vaccinated,Not Certified,Medium,1," KES 20,479.00 "
Chihuahua,Machakos,7,Female,Not Vaccinated,Not Certified,Small,10," KES 37,379.00 "
Doberman,Machakos,15,Male,Vaccinated,Certified,Large,6," KES 47,236.00 "
Bulldog,Naivasha,4,Female,Vaccinated,Not Certified,Large,7," KES 61,578.00 "
Dachshund,Kericho,3,Male,Not Vaccinated,Certified,Large,9," KES 68,902.00 "
Bulldog,Naivasha,2,Female,Not Vaccinated,Not Certified,Medium,9," KES 38,939.00 "
German Shepherd,Nairobi,3,Female,Not Vaccinated,Certified,Large,9," KES 81,760.00 "
Siberian Husky,Nyeri,13,Male,Vaccinated,Certified,Large,5," KES 32,420.00 "
Maltese,Kisumu,6,Male,Not Vaccinated,Certified,Small,9," KES 54,805.00 "
Chihuahua,Mombasa,18,Male,Vaccinated,Not Certified,Medium,5," KES 27,321.00 "
Shih Tzu,Nakuru,4,Female,Vaccinated,Certified,Medium,3," KES 65,846.00 "
Labrador Retriever,Nyeri,19,Male,Vaccinated,Certified,Small,10," KES 59,442.00 "
Doberman,Machakos,14,Male,Vaccinated,Certified,Large,4," KES 39,974.00 "
Chihuahua,Nairobi,13,Male,Vaccinated,Not Certified,Large,7," KES 34,128.00 "
Bulldog,Mombasa,22,Male,Vaccinated,Not Certified,Small,8," KES 69,992.00 "
Bulldog,Kericho,12,Male,Not Vaccinated,Certified,Medium,2," KES 27,861.00 "
Boxer,Kisumu,18,Female,Vaccinated,Not Certified,Medium,9," KES 48,841.00 "
Boxer,Kericho,22,Male,Not Vaccinated,Certified,Large,9," KES 57,274.00 "
Beagle,Kericho,23,Male,Not Vaccinated,Certified,Small,6," KES 23,073.00 "
Boxer,Machakos,9,Female,Not Vaccinated,Not Certified,Small,8," KES 33,179.00 "
Doberman,Machakos,23,Female,Not Vaccinated,Not Certified,Small,9," KES 32,484.00 "
German Shepherd,Mombasa,17,Male,Not Vaccinated,Not Certified,Small,5," KES 50,855.00 "
Boxer,Kericho,8,Female,Not Vaccinated,Certified,Medium,4," KES 29,177.00 "
Great Dane,Nairobi,21,Female,Vaccinated,Certified,Small,2," KES 64,165.00 "
Bulldog,Eldoret,2,Female,Not Vaccinated,Certified,Medium,3," KES 34,445.00 "
Great Dane,Thika,10,Female,Not Vaccinated,Certified,Large,2," KES 35,631.00 "
Boxer,Nyeri,23,Male,Vaccinated,Certified,Medium,2," KES 38,493.00 "
German Shepherd,Mombasa,9,Male,Not Vaccinated,Certified,Medium,4," KES 55,501.00 "
Boxer,Mombasa,21,Male,Not Vaccinated,Not Certified,Large,7," KES 32,168.00 "
Dachshund,Nyeri,13,Female,Vaccinated,Not Certified,Large,10," KES 51,135.00 "
Siberian Husky,Thika,13,Male,Not Vaccinated,Certified,Small,9," KES 50,528.00 "
Poodle,Machakos,18,Female,Vaccinated,Not Certified,Large,7," KES 52,170.00 "
Poodle,Mombasa,5,Male,Vaccinated,Certified,Small,5," KES 60,769.00 "
Rottweiler,Eldoret,15,Male,Vaccinated,Not Certified,Large,7," KES 62,789.00 "
Boxer,Nakuru,23,Male,Vaccinated,Not Certified,Medium,6," KES 39,525.00 "
Siberian Husky,Naivasha,12,Female,Not Vaccinated,Not Certified,Large,7," KES 31,078.00 "
Boxer,Nakuru,24,Male,Not Vaccinated,Certified,Small,6," KES 65,602.00 "
Boxer,Machakos,2,Male,Vaccinated,Certified,Small,3," KES 45,268.00 "
Boxer,Mombasa,9,Male,Vaccinated,Certified,Small,8," KES 49,479.00 "
Siberian Husky,Eldoret,14,Male,Not Vaccinated,Not Certified,Large,1," KES 44,991.00 "
Doberman,Eldoret,16,Male,Vaccinated,Not Certified,Large,5," KES 49,897.00 "
Siberian Husky,Kisumu,14,Male,Vaccinated,Certified,Large,5," KES 64,109.00 "
Boxer,Machakos,3,Female,Vaccinated,Certified,Large,2," KES 68,373.00 "
Doberman,Nakuru,4,Male,Not Vaccinated,Certified,Small,2," KES 54,646.00 "
Maltese,Nyeri,22,Female,Not Vaccinated,Not Certified,Medium,7," KES 17,203.00 "
Boxer,Naivasha,6,Female,Vaccinated,Certified,Small,6," KES 67,666.00 "
Labrador Retriever,Nakuru,5,Male,Not Vaccinated,Certified,Large,5," KES 34,882.00 "
Beagle,Mombasa,24,Male,Not Vaccinated,Not Certified,Large,8," KES 53,190.00 "
Great Dane,Eldoret,10,Male,Not Vaccinated,Not Certified,Medium,9," KES 53,263.00 "
Dachshund,Thika,6,Female,Not Vaccinated,Not Certified,Medium,10," KES 33,718.00 "
Shih Tzu,Mombasa,14,Male,Not Vaccinated,Certified,Large,10," KES 41,704.00 "
Siberian Husky,Nyeri,22,Male,Not Vaccinated,Certified,Large,4," KES 53,963.00 "
Beagle,Mombasa,7,Female,Not Vaccinated,Not Certified,Large,9," KES 65,983.00 "
Dachshund,Naivasha,24,Female,Not Vaccinated,Certified,Medium,8," KES 32,655.00 "
Doberman,Eldoret,19,Female,Not Vaccinated,Certified,Small,4," KES 33,309.00 "
Bulldog,Mombasa,9,Male,Not Vaccinated,Certified,Medium,3," KES 36,645.00 "
Shih Tzu,Kisumu,14,Female,Vaccinated,Certified,Small,7," KES 69,043.00 "
Siberian Husky,Kericho,18,Female,Not Vaccinated,Not Certified,Large,7," KES 47,516.00 "
Golden Retriever,Eldoret,10,Male,Vaccinated,Not Certified,Small,3," KES 34,476.00 "
Doberman,Thika,6,Female,Not Vaccinated,Certified,Medium,5," KES 48,663.00 "
Boxer,Nyeri,6,Female,Not Vaccinated,Certified,Medium,7," KES 61,226.00 "
German Shepherd,Machakos,18,Female,Vaccinated,Not Certified,Large,4," KES 63,287.00 "
Maltese,Thika,21,Male,Vaccinated,Not Certified,Large,3," KES 61,877.00 "
Great Dane,Nyeri,13,Male,Not Vaccinated,Not Certified,Medium,7," KES 24,568.00 "
Great Dane,Thika,12,Female,Vaccinated,Certified,Large,1," KES 73,530.00 "
Poodle,Machakos,4,Female,Not Vaccinated,Certified,Large,1," KES 32,413.00 "
Shih Tzu,Eldoret,12,Female,Vaccinated,Certified,Small,8," KES 41,164.00 "
Shih Tzu,Nyeri,20,Female,Not Vaccinated,Not Certified,Medium,2," KES 43,903.00 "
Maltese,Kisumu,20,Male,Not Vaccinated,Certified,Small,8," KES 35,667.00 "
Dachshund,Nyeri,10,Male,Not Vaccinated,Not Certified,Large,1," KES 42,995.00 "
Doberman,Nakuru,11,Male,Vaccinated,Not Certified,Medium,2," KES 57,082.00 "
Chihuahua,Nairobi,2,Male,Not Vaccinated,Certified,Small,9," KES 76,883.00 "
Beagle,Kericho,8,Female,Vaccinated,Not Certified,Small,2," KES 33,756.00 "
Poodle,Machakos,16,Female,Vaccinated,Not Certified,Large,10," KES 37,592.00 "
Chihuahua,Nakuru,19,Male,Not Vaccinated,Certified,Small,1," KES 25,457.00 "
Labrador Retriever,Machakos,11,Male,Vaccinated,Certified,Large,4," KES 58,373.00 "
Golden Retriever,Machakos,4,Female,Vaccinated,Not Certified,Small,5," KES 28,246.00 "
Poodle,Nyeri,17,Female,Not Vaccinated,Certified,Large,2," KES 71,030.00 "
Poodle,Eldoret,20,Male,Not Vaccinated,Not Certified,Large,2," KES 36,779.00 "
Chihuahua,Kisumu,5,Female,Not Vaccinated,Not Certified,Medium,5," KES 19,812.00 "
Maltese,Mombasa,7,Female,Vaccinated,Certified,Medium,3," KES 74,862.00 "
German Shepherd,Mombasa,24,Male,Not Vaccinated,Not Certified,Medium,7," KES 15,415.00 "
Dachshund,Mombasa,15,Female,Not Vaccinated,Certified,Large,7," KES 55,179.00 "
Doberman,Nakuru,18,Male,Vaccinated,Certified,Medium,2," KES 53,216.00 "
Doberman,Mombasa,5,Female,Vaccinated,Not Certified,Small,9," KES 49,854.00 "
Bulldog,Kisumu,22,Male,Vaccinated,Certified,Large,1," KES 50,307.00 "
Golden Retriever,Mombasa,13,Female,Vaccinated,Not Certified,Large,2," KES 62,800.00 "
Dachshund,Kisumu,21,Female,Vaccinated,Certified,Large,3," KES 42,838.00 "
Rottweiler,Nairobi,9,Female,Vaccinated,Not Certified,Medium,8," KES 31,705.00 "
Labrador Retriever,Mombasa,10,Male,Vaccinated,Not Certified,Small,10," KES 70,222.00 "
Maltese,Naivasha,12,Female,Not Vaccinated,Not Certified,Medium,2," KES 34,993.00 "
Boxer,Nakuru,19,Female,Vaccinated,Not Certified,Small,6," KES 57,935.00 "
Bulldog,Kericho,13,Male,Not Vaccinated,Not Certified,Large,9," KES 65,904.00 "
Labrador Retriever,Thika,14,Male,Vaccinated,Not Certified,Medium,3," KES 38,264.00 "
Doberman,Nakuru,16,Male,Not Vaccinated,Certified,Large,1," KES 45,618.00 "
Chihuahua,Eldoret,12,Male,Vaccinated,Not Certified,Large,8," KES 71,182.00 "
Maltese,Nyeri,10,Female,Vaccinated,Not Certified,Small,4," KES 62,850.00 "
Golden Retriever,Machakos,6,Male,Not Vaccinated,Certified,Medium,6," KES 53,558.00 "
Beagle,Nakuru,22,Male,Vaccinated,Certified,Small,8," KES 73,454.00 "
Poodle,Nakuru,23,Male,Not Vaccinated,Not Certified,Large,4," KES 41,142.00 "
Golden Retriever,Nyeri,21,Female,Vaccinated,Not Certified,Large,10," KES 54,494.00 "
Beagle,Nyeri,22,Male,Vaccinated,Not Certified,Large,6," KES 54,639.00 "
Beagle,Kisumu,11,Female,Not Vaccinated,Certified,Medium,3," KES 55,222.00 "
Dachshund,Machakos,10,Female,Not Vaccinated,Certified,Medium,5," KES 35,625.00 "
Doberman,Eldoret,5,Female,Vaccinated,Certified,Medium,9," KES 61,957.00 "
Boxer,Mombasa,24,Male,Not Vaccinated,Not Certified,Medium,4," KES 27,401.00 "
Rottweiler,Machakos,23,Male,Vaccinated,Certified,Large,1," KES 76,456.00 "
Maltese,Nyeri,20,Female,Vaccinated,Not Certified,Small,5," KES 39,158.00 "
German Shepherd,Machakos,4,Female,Not Vaccinated,Not Certified,Medium,8," KES 61,130.00 "
Golden Retriever,Mombasa,14,Male,Not Vaccinated,Not Certified,Medium,4," KES 49,914.00 "
Chihuahua,Kisumu,4,Male,Vaccinated,Certified,Large,6," KES 67,829.00 "
Bulldog,Kisumu,23,Male,Vaccinated,Certified,Medium,1," KES 46,181.00 "
Chihuahua,Mombasa,3,Male,Vaccinated,Certified,Large,2," KES 69,687.00 "
Labrador Retriever,Nairobi,17,Female,Vaccinated,Not Certified,Large,6," KES 65,320.00 "
Golden Retriever,Kericho,6,Male,Not Vaccinated,Not Certified,Medium,7," KES 52,363.00 "
Chihuahua,Nairobi,10,Female,Not Vaccinated,Certified,Large,5," KES 67,058.00 "
Doberman,Nakuru,22,Female,Vaccinated,Certified,Large,5," KES 59,467.00 "
Rottweiler,Nairobi,10,Male,Not Vaccinated,Certified,Large,2," KES 37,331.00 "
German Shepherd,Nairobi,7,Female,Vaccinated,Certified,Large,3," KES 40,433.00 "
Shih Tzu,Kisumu,5,Female,Vaccinated,Certified,Large,8," KES 72,380.00 "
Dachshund,Nairobi,13,Male,Not Vaccinated,Certified,Small,7," KES 57,200.00 "
Labrador Retriever,Eldoret,22,Male,Not Vaccinated,Certified,Small,7," KES 58,790.00 "
Doberman,Kericho,20,Male,Not Vaccinated,Not Certified,Medium,2," KES 17,838.00 "
Beagle,Eldoret,17,Female,Vaccinated,Certified,Medium,3," KES 56,722.00 "
Maltese,Kisumu,18,Male,Not Vaccinated,Not Certified,Medium,9," KES 26,673.00 "
Chihuahua,Kisumu,15,Male,Vaccinated,Not Certified,Large,4," KES 46,042.00 "
Rottweiler,Machakos,23,Female,Not Vaccinated,Not Certified,Small,5," KES 35,742.00 "
German Shepherd,Kericho,15,Male,Not Vaccinated,Certified,Small,8," KES 74,469.00 "
Labrador Retriever,Thika,24,Male,Not Vaccinated,Not Certified,Small,1," KES 16,350.00 "
Dachshund,Eldoret,13,Male,Vaccinated,Certified,Large,5," KES 70,631.00 "
Shih Tzu,Nyeri,7,Male,Vaccinated,Certified,Large,6," KES 73,663.00 "
Chihuahua,Kisumu,10,Male,Vaccinated,Certified,Medium,9," KES 54,277.00 "
German Shepherd,Naivasha,9,Female,Vaccinated,Certified,Medium,3," KES 41,971.00 "
Poodle,Nairobi,13,Male,Vaccinated,Not Certified,Medium,9," KES 52,360.00 "
Siberian Husky,Mombasa,10,Male,Vaccinated,Certified,Medium,5," KES 51,773.00 "
Chihuahua,Eldoret,3,Male,Vaccinated,Not Certified,Large,9," KES 53,201.00 "
Chihuahua,Kericho,19,Female,Vaccinated,Not Certified,Medium,7," KES 55,065.00 "
Golden Retriever,Nyeri,15,Male,Not Vaccinated,Certified,Small,8," KES 73,625.00 "
Labrador Retriever,Machakos,18,Male,Vaccinated,Certified,Small,4," KES 59,018.00 "
Golden Retriever,Kisumu,15,Female,Not Vaccinated,Certified,Medium,4," KES 43,755.00 "
Labrador Retriever,Kisumu,13,Female,Vaccinated,Not Certified,Medium,10," KES 38,919.00 "
Chihuahua,Nairobi,18,Female,Not Vaccinated,Certified,Small,10," KES 52,789.00 "
Great Dane,Nyeri,19,Male,Vaccinated,Certified,Medium,5," KES 61,484.00 "
Shih Tzu,Nakuru,4,Male,Not Vaccinated,Not Certified,Medium,9," KES 34,878.00 "
Siberian Husky,Eldoret,19,Male,Not Vaccinated,Certified,Small,5," KES 43,546.00 "
Boxer,Machakos,10,Male,Not Vaccinated,Not Certified,Large,2," KES 55,780.00 "
Labrador Retriever,Kericho,21,Female,Not Vaccinated,Not Certified,Medium,1," KES 28,438.00 "
Shih Tzu,Machakos,13,Male,Vaccinated,Not Certified,Medium,1," KES 50,728.00 "
Shih Tzu,Kericho,8,Female,Vaccinated,Certified,Medium,4," KES 44,320.00 "
Labrador Retriever,Machakos,3,Male,Not Vaccinated,Certified,Medium,5," KES 57,353.00 "
Golden Retriever,Nairobi,12,Male,Not Vaccinated,Not Certified,Small,6," KES 43,735.00 "
Great Dane,Mombasa,19,Male,Vaccinated,Not Certified,Medium,2," KES 58,681.00 "
Maltese,Nakuru,7,Male,Not Vaccinated,Certified,Small,2," KES 26,546.00 "
German Shepherd,Kericho,18,Male,Not Vaccinated,Not Certified,Medium,9," KES 20,055.00 "
Bulldog,Mombasa,6,Female,Vaccinated,Not Certified,Medium,6," KES 53,995.00 "
Beagle,Mombasa,11,Male,Vaccinated,Not Certified,Medium,8," KES 47,611.00 "
Chihuahua,Nyeri,16,Female,Vaccinated,Certified,Medium,10," KES 35,360.00 "
Rottweiler,Mombasa,4,Female,Vaccinated,Not Certified,Small,1," KES 51,226.00 "
Shih Tzu,Machakos,4,Male,Vaccinated,Not Certified,Medium,5," KES 42,059.00 "
Chihuahua,Nyeri,17,Male,Not Vaccinated,Certified,Medium,6," KES 39,657.00 "
Chihuahua,Nakuru,11,Male,Not Vaccinated,Certified,Medium,1," KES 41,992.00 "
Labrador Retriever,Machakos,2,Male,Vaccinated,Certified,Large,4," KES 63,985.00 "
Dachshund,Mombasa,5,Female,Not Vaccinated,Certified,Large,4," KES 42,154.00 "
Beagle,Kericho,11,Male,Not Vaccinated,Certified,Medium,1," KES 28,877.00 "
Poodle,Kisumu,9,Female,Vaccinated,Not Certified,Small,4," KES 57,072.00 "
German Shepherd,Kisumu,5,Female,Not Vaccinated,Not Certified,Small,7," KES 24,589.00 "
Golden Retriever,Thika,21,Female,Vaccinated,Certified,Small,3," KES 58,205.00 "
Maltese,Kericho,21,Female,Not Vaccinated,Certified,Medium,3," KES 51,139.00 "
Bulldog,Naivasha,2,Male,Vaccinated,Not Certified,Small,9," KES 49,291.00 "
Doberman,Nyeri,13,Female,Vaccinated,Certified,Small,3," KES 32,597.00 "
Poodle,Eldoret,11,Female,Vaccinated,Not Certified,Medium,8," KES 40,821.00 "
Maltese,Eldoret,19,Female,Not Vaccinated,Certified,Small,6," KES 60,094.00 "
Great Dane,Eldoret,14,Male,Vaccinated,Not Certified,Small,3," KES 41,663.00 "
Bulldog,Nairobi,22,Female,Vaccinated,Certified,Medium,6," KES 42,933.00 "
Doberman,Eldoret,14,Female,Vaccinated,Certified,Large,8," KES 75,076.00 "
Shih Tzu,Kericho,19,Male,Vaccinated,Certified,Medium,8," KES 54,369.00 "
Maltese,Naivasha,2,Female,Not Vaccinated,Not Certified,Medium,8," KES 64,826.00 "
Dachshund,Naivasha,4,Male,Not Vaccinated,Certified,Large,1," KES 52,328.00 "
Doberman,Thika,20,Female,Not Vaccinated,Not Certified,Medium,8," KES 62,791.00 "
Labrador Retriever,Machakos,4,Male,Vaccinated,Not Certified,Medium,4," KES 56,275.00 "
Maltese,Mombasa,14,Male,Not Vaccinated,Certified,Large,9," KES 77,580.00 "
Golden Retriever,Thika,8,Female,Not Vaccinated,Certified,Small,5," KES 52,723.00 "
German Shepherd,Thika,11,Female,Not Vaccinated,Certified,Large,5," KES 48,033.00 "
Siberian Husky,Kisumu,3,Male,Vaccinated,Not Certified,Small,1," KES 20,790.00 "
Great Dane,Thika,6,Male,Vaccinated,Not Certified,Large,10," KES 43,122.00 "
Golden Retriever,Nakuru,21,Female,Not Vaccinated,Certified,Small,4," KES 39,452.00 "
Dachshund,Kericho,22,Male,Not Vaccinated,Not Certified,Large,9," KES 44,709.00 "
Labrador Retriever,Nakuru,21,Male,Not Vaccinated,Not Certified,Large,10," KES 32,207.00 "
Boxer,Nakuru,20,Female,Vaccinated,Not Certified,Small,1," KES 43,642.00 "
Bulldog,Kisumu,13,Female,Not Vaccinated,Certified,Medium,1," KES 36,350.00 "
Doberman,Nyeri,15,Male,Not Vaccinated,Certified,Large,2," KES 64,298.00 "
Maltese,Nairobi,15,Male,Not Vaccinated,Certified,Medium,10," KES 71,864.00 "
Maltese,Nyeri,23,Male,Vaccinated,Certified,Small,4," KES 32,990.00 "
Golden Retriever,Thika,10,Male,Vaccinated,Not Certified,Large,4," KES 65,129.00 "
Golden Retriever,Eldoret,10,Male,Vaccinated,Not Certified,Large,7," KES 62,077.00 "
Maltese,Nyeri,7,Male,Not Vaccinated,Not Certified,Medium,6," KES 26,514.00 "
Bulldog,Nyeri,9,Female,Vaccinated,Certified,Large,7," KES 68,365.00 "
Beagle,Kisumu,2,Female,Vaccinated,Certified,Small,8," KES 60,109.00 "
Rottweiler,Thika,12,Male,Not Vaccinated,Not Certified,Large,2," KES 42,304.00 "
Beagle,Kericho,7,Female,Not Vaccinated,Not Certified,Small,4," KES 55,983.00 "
Shih Tzu,Nairobi,3,Female,Vaccinated,Certified,Large,6," KES 47,125.00 "
Great Dane,Eldoret,7,Female,Not Vaccinated,Certified,Large,1," KES 58,307.00 "
Chihuahua,Mombasa,5,Male,Vaccinated,Certified,Medium,1," KES 52,207.00 "
Doberman,Naivasha,11,Male,Not Vaccinated,Not Certified,Medium,3," KES 40,801.00 "
Great Dane,Nairobi,2,Female,Not Vaccinated,Not Certified,Large,3," KES 49,474.00 "
Shih Tzu,Machakos,18,Male,Vaccinated,Certified,Large,9," KES 69,466.00 "
Beagle,Machakos,11,Female,Not Vaccinated,Not Certified,Large,6," KES 33,363.00 "
Great Dane,Kericho,14,Male,Vaccinated,Not Certified,Large,4," KES 56,377.00 "
Dachshund,Machakos,14,Female,Not Vaccinated,Not Certified,Small,2," KES 12,622.00 "
Doberman,Eldoret,9,Female,Vaccinated,Not Certified,Medium,5," KES 39,362.00 "
German Shepherd,Naivasha,10,Female,Not Vaccinated,Certified,Medium,6," KES 66,690.00 "
Dachshund,Eldoret,23,Female,Not Vaccinated,Not Certified,Medium,6," KES 46,112.00 "
Rottweiler,Mombasa,3,Male,Vaccinated,Certified,Large,2," KES 52,739.00 "
Golden Retriever,Eldoret,5,Male,Vaccinated,Certified,Small,5," KES 40,498.00 "
Beagle,Thika,12,Male,Not Vaccinated,Not Certified,Large,7," KES 42,722.00 "
Siberian Husky,Nakuru,18,Female,Vaccinated,Certified,Small,1," KES 59,285.00 "
Siberian Husky,Machakos,15,Female,Vaccinated,Not Certified,Medium,8," KES 27,262.00 "
German Shepherd,Mombasa,10,Female,Not Vaccinated,Not Certified,Small,7," KES 27,313.00 "
Boxer,Eldoret,24,Female,Vaccinated,Certified,Small,9," KES 46,316.00 "
Siberian Husky,Kisumu,5,Female,Not Vaccinated,Not Certified,Medium,3," KES 56,179.00 "
Chihuahua,Eldoret,18,Male,Vaccinated,Not Certified,Small,7," KES 49,538.00 "
Maltese,Nakuru,8,Male,Vaccinated,Certified,Medium,5," KES 36,332.00 "
Labrador Retriever,Eldoret,9,Male,Not Vaccinated,Certified,Medium,6," KES 37,078.00 "
Siberian Husky,Eldoret,9,Female,Not Vaccinated,Not Certified,Medium,10," KES 41,330.00 "
Boxer,Nairobi,20,Female,Vaccinated,Certified,Large,5," KES 38,342.00 "
Rottweiler,Nairobi,11,Male,Vaccinated,Certified,Small,6," KES 58,618.00 "
Chihuahua,Nyeri,6,Male,Vaccinated,Not Certified,Small,2," KES 36,993.00 "
Beagle,Naivasha,8,Female,Vaccinated,Certified,Medium,1," KES 71,265.00 "
German Shepherd,Nyeri,3,Female,Vaccinated,Certified,Large,5," KES 42,331.00 "
Rottweiler,Machakos,2,Female,Not Vaccinated,Not Certified,Small,9," KES 38,094.00 "
Boxer,Nairobi,17,Male,Vaccinated,Not Certified,Medium,9," KES 49,041.00 "
Rottweiler,Kisumu,12,Female,Not Vaccinated,Not Certified,Small,7," KES 33,256.00 "
Bulldog,Nairobi,3,Male,Not Vaccinated,Certified,Medium,9," KES 53,633.00 "
Bulldog,Kisumu,7,Male,Vaccinated,Not Certified,Medium,9," KES 41,773.00 "
Golden Retriever,Thika,9,Female,Not Vaccinated,Certified,Medium,4," KES 59,021.00 "
Beagle,Nairobi,17,Female,Vaccinated,Not Certified,Large,3," KES 24,531.00 "
Rottweiler,Nairobi,2,Male,Vaccinated,Not Certified,Medium,6," KES 46,661.00 "
Beagle,Mombasa,9,Male,Vaccinated,Not Certified,Medium,6," KES 60,026.00 "
Great Dane,Mombasa,11,Male,Vaccinated,Not Certified,Large,1," KES 35,992.00 "
Shih Tzu,Mombasa,14,Female,Vaccinated,Certified,Medium,10," KES 56,044.00 "
Golden Retriever,Naivasha,13,Female,Vaccinated,Certified,Large,10," KES 72,824.00 "
Doberman,Nairobi,4,Male,Vaccinated,Not Certified,Medium,8," KES 62,357.00 "
Chihuahua,Machakos,16,Male,Vaccinated,Certified,Large,7," KES 44,673.00 "
Labrador Retriever,Kericho,20,Male,Vaccinated,Certified,Small,8," KES 56,613.00 "
Chihuahua,Kisumu,18,Female,Vaccinated,Not Certified,Small,5," KES 44,415.00 "
Boxer,Mombasa,21,Male,Vaccinated,Not Certified,Small,6," KES 26,823.00 "
Great Dane,Kisumu,2,Male,Not Vaccinated,Not Certified,Small,6," KES 49,377.00 "
Bulldog,Naivasha,11,Female,Not Vaccinated,Certified,Large,8," KES 73,786.00 "
Doberman,Kisumu,22,Female,Vaccinated,Not Certified,Medium,9," KES 27,955.00 "
Golden Retriever,Thika,22,Male,Vaccinated,Not Certified,Medium,5," KES 45,645.00 "
German Shepherd,Kisumu,15,Female,Vaccinated,Certified,Small,4," KES 32,793.00 "
Golden Retriever,Kisumu,16,Female,Vaccinated,Certified,Small,4," KES 46,159.00 "
Beagle,Mombasa,6,Male,Vaccinated,Not Certified,Large,1," KES 31,824.00 "
Labrador Retriever,Naivasha,5,Male,Vaccinated,Not Certified,Medium,2," KES 58,329.00 "
Boxer,Naivasha,8,Male,Not Vaccinated,Not Certified,Small,8," KES 54,443.00 "
Beagle,Thika,13,Male,Vaccinated,Certified,Small,2," KES 54,581.00 "
Shih Tzu,Eldoret,20,Male,Not Vaccinated,Certified,Medium,8," KES 74,833.00 "
Beagle,Kisumu,16,Female,Not Vaccinated,Certified,Small,7," KES 53,381.00 "
Boxer,Kisumu,16,Female,Not Vaccinated,Not Certified,Medium,3," KES 26,889.00 "
Doberman,Thika,10,Male,Vaccinated,Not Certified,Small,2," KES 46,401.00 "
Golden Retriever,Kisumu,19,Male,Not Vaccinated,Certified,Medium,9," KES 30,783.00 "
Siberian Husky,Kisumu,13,Male,Vaccinated,Certified,Medium,6," KES 58,658.00 "
Chihuahua,Nyeri,9,Female,Not Vaccinated,Not Certified,Small,5," KES 48,228.00 "
Chihuahua,Machakos,5,Male,Not Vaccinated,Certified,Medium,8," KES 64,422.00 "
Golden Retriever,Kericho,7,Male,Vaccinated,Not Certified,Small,1," KES 21,307.00 "
Siberian Husky,Naivasha,18,Male,Not Vaccinated,Not Certified,Small,6," KES 47,460.00 "
Doberman,Mombasa,18,Female,Not Vaccinated,Not Certified,Small,5," KES 32,923.00 "
Great Dane,Eldoret,10,Male,Not Vaccinated,Certified,Medium,2," KES 44,327.00 "
Chihuahua,Nakuru,22,Male,Vaccinated,Certified,Medium,4," KES 44,090.00 "
Boxer,Nyeri,15,Female,Vaccinated,Certified,Medium,6," KES 60,364.00 "
Maltese,Nakuru,8,Male,Vaccinated,Not Certified,Small,3," KES 30,160.00 "
Labrador Retriever,Kericho,22,Female,Vaccinated,Certified,Medium,9," KES 48,193.00 "
Beagle,Thika,9,Male,Not Vaccinated,Not Certified,Large,8," KES 67,805.00 "
Maltese,Nyeri,19,Female,Vaccinated,Not Certified,Small,1," KES 56,321.00 "
Shih Tzu,Nairobi,3,Male,Not Vaccinated,Certified,Small,5," KES 68,554.00 "
Chihuahua,Nairobi,19,Female,Not Vaccinated,Certified,Small,5," KES 54,835.00 "
Boxer,Kericho,20,Male,Vaccinated,Not Certified,Small,3," KES 24,327.00 "
Chihuahua,Thika,6,Male,Not Vaccinated,Certified,Small,8," KES 39,990.00 "
Poodle,Naivasha,4,Male,Not Vaccinated,Not Certified,Large,6," KES 21,133.00 "
German Shepherd,Naivasha,5,Male,Not Vaccinated,Not Certified,Medium,4," KES 48,232.00 "
Poodle,Nairobi,22,Male,Vaccinated,Not Certified,Large,4," KES 37,245.00 "
Poodle,Thika,13,Female,Vaccinated,Certified,Medium,7," KES 59,938.00 "
Golden Retriever,Machakos,16,Male,Not Vaccinated,Not Certified,Large,10," KES 29,717.00 "
Chihuahua,Nakuru,21,Female,Vaccinated,Not Certified,Small,7," KES 28,699.00 "
Bulldog,Nairobi,11,Female,Vaccinated,Not Certified,Large,2," KES 66,348.00 "
Siberian Husky,Mombasa,22,Male,Not Vaccinated,Certified,Medium,3," KES 58,372.00 "
Labrador Retriever,Nairobi,16,Male,Vaccinated,Certified,Small,4," KES 70,979.00 "
Labrador Retriever,Nyeri,22,Female,Not Vaccinated,Certified,Medium,4," KES 30,168.00 "
Shih Tzu,Kericho,9,Male,Vaccinated,Not Certified,Large,4," KES 58,937.00 "
Dachshund,Mombasa,4,Male,Vaccinated,Certified,Small,6," KES 34,899.00 "
Great Dane,Machakos,14,Male,Not Vaccinated,Not Certified,Small,9," KES 24,059.00 "
Dachshund,Nyeri,7,Male,Not Vaccinated,Certified,Small,5," KES 28,121.00 "
German Shepherd,Kisumu,12,Female,Vaccinated,Certified,Large,3," KES 37,027.00 "
Labrador Retriever,Naivasha,2,Male,Vaccinated,Not Certified,Medium,6," KES 50,774.00 "
Poodle,Machakos,24,Female,Not Vaccinated,Certified,Large,8," KES 79,508.00 "
Rottweiler,Eldoret,12,Male,Vaccinated,Certified,Large,8," KES 73,643.00 "
Great Dane,Kericho,13,Female,Vaccinated,Not Certified,Medium,9," KES 34,627.00 "
Boxer,Kisumu,18,Female,Not Vaccinated,Not Certified,Medium,8," KES 49,589.00 "
Doberman,Nairobi,7,Female,Vaccinated,Certified,Small,9," KES 46,594.00 "
Golden Retriever,Nairobi,14,Male,Not Vaccinated,Not Certified,Large,1," KES 18,033.00 "
Siberian Husky,Eldoret,10,Female,Vaccinated,Certified,Medium,7," KES 56,838.00 "
German Shepherd,Nairobi,22,Male,Vaccinated,Certified,Small,7," KES 57,945.00 "
Dachshund,Naivasha,18,Female,Not Vaccinated,Not Certified,Medium,10," KES 41,443.00 "
Rottweiler,Kisumu,22,Male,Vaccinated,Not Certified,Large,8," KES 38,764.00 "
Rottweiler,Kericho,10,Female,Not Vaccinated,Not Certified,Small,2," KES 32,955.00 "
Siberian Husky,Nakuru,21,Female,Vaccinated,Certified,Medium,9," KES 37,295.00 "
Beagle,Thika,4,Female,Not Vaccinated,Not Certified,Large,3," KES 40,973.00 "
Bulldog,Mombasa,2,Male,Vaccinated,Certified,Small,4," KES 74,258.00 "
Boxer,Naivasha,12,Female,Vaccinated,Not Certified,Medium,10," KES 61,801.00 "
Shih Tzu,Kisumu,9,Female,Not Vaccinated,Not Certified,Medium,7," KES 59,610.00 "
Great Dane,Nakuru,23,Female,Vaccinated,Certified,Medium,3," KES 67,230.00 "
Boxer,Thika,23,Female,Vaccinated,Not Certified,Large,10," KES 60,990.00 "
Dachshund,Nairobi,14,Male,Vaccinated,Not Certified,Small,6," KES 47,687.00 "
Siberian Husky,Machakos,9,Male,Vaccinated,Certified,Medium,7," KES 72,979.00 "
German Shepherd,Machakos,24,Male,Vaccinated,Not Certified,Large,3," KES 34,407.00 "
Chihuahua,Mombasa,5,Female,Not Vaccinated,Not Certified,Large,8," KES 44,444.00 "
Labrador Retriever,Kericho,19,Male,Not Vaccinated,Not Certified,Small,5," KES 24,961.00 "
Rottweiler,Eldoret,16,Male,Vaccinated,Certified,Small,2," KES 31,077.00 "
Poodle,Kericho,22,Male,Not Vaccinated,Certified,Small,9," KES 49,448.00 "
Poodle,Naivasha,19,Male,Not Vaccinated,Certified,Small,9," KES 35,181.00 "
Maltese,Machakos,14,Female,Not Vaccinated,Not Certified,Large,7," KES 48,650.00 "
Bulldog,Kisumu,24,Male,Not Vaccinated,Not Certified,Small,2," KES 23,853.00 "
Beagle,Machakos,9,Male,Not Vaccinated,Certified,Medium,6," KES 69,341.00 "
Shih Tzu,Thika,12,Female,Not Vaccinated,Not Certified,Small,8," KES 56,911.00 "
Bulldog,Eldoret,4,Male,Vaccinated,Not Certified,Large,9," KES 64,146.00 "
Golden Retriever,Thika,17,Male,Vaccinated,Certified,Small,3," KES 47,489.00 "
Siberian Husky,Kisumu,17,Male,Vaccinated,Certified,Large,4," KES 76,709.00 "
Bulldog,Nairobi,5,Female,Vaccinated,Not Certified,Large,8," KES 38,182.00 "
Maltese,Nyeri,21,Female,Vaccinated,Certified,Medium,6," KES 61,988.00 "
Shih Tzu,Eldoret,7,Female,Vaccinated,Not Certified,Medium,3," KES 42,472.00 "
Dachshund,Thika,18,Female,Not Vaccinated,Certified,Medium,8," KES 40,487.00 "
Golden Retriever,Nairobi,7,Male,Not Vaccinated,Certified,Medium,3," KES 56,490.00 "
Poodle,Naivasha,13,Male,Vaccinated,Not Certified,Large,6," KES 65,020.00 "
Dachshund,Nyeri,9,Female,Vaccinated,Certified,Large,8," KES 70,191.00 "
Doberman,Nairobi,12,Female,Vaccinated,Certified,Medium,6," KES 66,060.00 "
Maltese,Kericho,15,Male,Not Vaccinated,Certified,Small,5," KES 49,795.00 "
German Shepherd,Thika,19,Female,Not Vaccinated,Not Certified,Small,8," KES 26,028.00 "
Chihuahua,Mombasa,2,Female,Vaccinated,Not Certified,Small,10," KES 53,254.00 "
Maltese,Machakos,22,Male,Not Vaccinated,Not Certified,Small,10," KES 56,773.00 "
Chihuahua,Kisumu,2,Male,Not Vaccinated,Certified,Medium,1," KES 47,544.00 "
Shih Tzu,Nakuru,23,Male,Vaccinated,Certified,Small,10," KES 56,969.00 "
Rottweiler,Naivasha,7,Male,Not Vaccinated,Not Certified,Small,6," KES 29,610.00 "
Golden Retriever,Nakuru,17,Female,Vaccinated,Certified,Small,9," KES 66,358.00 "
Great Dane,Nyeri,12,Male,Vaccinated,Not Certified,Small,1," KES 46,962.00 "
Golden Retriever,Mombasa,3,Female,Vaccinated,Not Certified,Medium,7," KES 54,614.00 "
Chihuahua,Nairobi,4,Male,Vaccinated,Not Certified,Large,1," KES 50,719.00 "
Labrador Retriever,Nakuru,24,Female,Not Vaccinated,Not Certified,Large,1," KES 58,618.00 "
Siberian Husky,Nakuru,24,Female,Vaccinated,Certified,Small,7," KES 59,653.00 "
Labrador Retriever,Thika,3,Male,Not Vaccinated,Not Certified,Small,9," KES 32,992.00 "
Chihuahua,Kisumu,6,Male,Vaccinated,Certified,Medium,9," KES 73,073.00 "
Siberian Husky,Kericho,21,Female,Not Vaccinated,Not Certified,Small,5," KES 31,069.00 "
Golden Retriever,Mombasa,9,Female,Vaccinated,Certified,Medium,8," KES 73,644.00 "
Siberian Husky,Mombasa,18,Female,Not Vaccinated,Certified,Small,5," KES 44,313.00 "
Dachshund,Naivasha,22,Female,Not Vaccinated,Not Certified,Medium,3," KES 54,509.00 "
Poodle,Nairobi,16,Female,Vaccinated,Not Certified,Small,2," KES 58,562.00 "
Dachshund,Mombasa,19,Female,Not Vaccinated,Not Certified,Medium,1," KES 35,912.00 "
Labrador Retriever,Machakos,16,Male,Vaccinated,Certified,Medium,5," KES 53,165.00 "
Dachshund,Kisumu,15,Female,Not Vaccinated,Not Certified,Large,2," KES 28,600.00 "
Maltese,Eldoret,9,Male,Vaccinated,Certified,Medium,7," KES 73,524.00 "
Shih Tzu,Thika,20,Male,Not Vaccinated,Not Certified,Large,8," KES 60,853.00 "
Labrador Retriever,Kisumu,19,Male,Vaccinated,Certified,Medium,1," KES 31,405.00 "
Labrador Retriever,Nyeri,15,Female,Not Vaccinated,Certified,Medium,9," KES 62,649.00 "
Great Dane,Kisumu,14,Male,Vaccinated,Certified,Small,1," KES 71,970.00 "
Bulldog,Kericho,19,Female,Vaccinated,Not Certified,Medium,3," KES 43,215.00 "
Beagle,Thika,24,Female,Not Vaccinated,Not Certified,Large,1," KES 30,486.00 "
Great Dane,Naivasha,4,Male,Not Vaccinated,Not Certified,Large,10," KES 39,459.00 "
Boxer,Eldoret,3,Male,Not Vaccinated,Not Certified,Small,6," KES 18,218.00 "
Boxer,Mombasa,10,Female,Vaccinated,Certified,Large,8," KES 65,609.00 "
Rottweiler,Machakos,23,Male,Vaccinated,Not Certified,Medium,6," KES 56,869.00 "
Bulldog,Kericho,24,Male,Vaccinated,Certified,Small,4," KES 52,586.00 "
Maltese,Kisumu,15,Female,Not Vaccinated,Not Certified,Small,3," KES 53,746.00 "
Shih Tzu,Eldoret,10,Female,Not Vaccinated,Not Certified,Small,5," KES 16,429.00 "
Great Dane,Machakos,10,Female,Not Vaccinated,Not Certified,Medium,8," KES 52,723.00 "
Shih Tzu,Eldoret,3,Female,Not Vaccinated,Not Certified,Large,10," KES 67,979.00 "
Rottweiler,Kisumu,2,Male,Not Vaccinated,Not Certified,Small,3," KES 42,797.00 "
Dachshund,Nakuru,7,Male,Not Vaccinated,Not Certified,Small,10," KES 32,195.00 "
Maltese,Naivasha,9,Female,Vaccinated,Certified,Medium,2," KES 38,094.00 "
Labrador Retriever,Kisumu,5,Male,Not Vaccinated,Certified,Large,10," KES 64,177.00 "
Shih Tzu,Machakos,23,Male,Not Vaccinated,Certified,Medium,2," KES 37,544.00 "
Maltese,Nyeri,6,Male,Not Vaccinated,Certified,Small,7," KES 42,888.00 "
Doberman,Nyeri,17,Male,Vaccinated,Certified,Medium,10," KES 79,312.00 "
Shih Tzu,Kisumu,11,Male,Not Vaccinated,Not Certified,Large,2," KES 27,432.00 "
Labrador Retriever,Nakuru,16,Female,Vaccinated,Not Certified,Medium,5," KES 49,912.00 "
Great Dane,Kisumu,13,Male,Not Vaccinated,Certified,Medium,5," KES 48,386.00 "
Poodle,Thika,5,Male,Vaccinated,Certified,Large,2," KES 49,934.00 "
Bulldog,Nakuru,6,Male,Not Vaccinated,Certified,Small,9," KES 72,793.00 "
Chihuahua,Nakuru,16,Male,Not Vaccinated,Not Certified,Large,8," KES 67,762.00 "
Maltese,Nairobi,17,Female,Not Vaccinated,Not Certified,Medium,7," KES 29,959.00 "
German Shepherd,Machakos,9,Male,Vaccinated,Certified,Large,1," KES 79,952.00 "
Rottweiler,Eldoret,15,Male,Vaccinated,Certified,Small,7," KES 32,692.00 "
Golden Retriever,Kericho,18,Male,Vaccinated,Certified,Medium,8," KES 68,335.00 "
Beagle,Nakuru,14,Male,Vaccinated,Not Certified,Medium,1," KES 39,856.00 "
German Shepherd,Mombasa,10,Female,Vaccinated,Not Certified,Small,5," KES 53,720.00 "
Rottweiler,Kericho,16,Female,Vaccinated,Certified,Large,10," KES 44,916.00 "
Great Dane,Nakuru,3,Female,Not Vaccinated,Not Certified,Large,3," KES 35,301.00 "
Rottweiler,Naivasha,9,Male,Vaccinated,Not Certified,Medium,8," KES 49,831.00 "
Shih Tzu,Nyeri,12,Female,Vaccinated,Not Certified,Large,5," KES 45,124.00 "
Shih Tzu,Eldoret,3,Male,Vaccinated,Not Certified,Small,4," KES 54,278.00 "
Labrador Retriever,Kisumu,12,Female,Not Vaccinated,Not Certified,Small,4," KES 39,186.00 "
Labrador Retriever,Eldoret,6,Male,Not Vaccinated,Certified,Large,2," KES 33,033.00 "
Siberian Husky,Machakos,14,Female,Not Vaccinated,Not Certified,Large,4," KES 35,961.00 "
Shih Tzu,Nakuru,17,Female,Not Vaccinated,Not Certified,Medium,4," KES 33,405.00 "
Rottweiler,Nyeri,16,Male,Vaccinated,Not Certified,Medium,9," KES 42,793.00 "
Doberman,Machakos,2,Male,Vaccinated,Certified,Large,6," KES 79,976.00 "
Dachshund,Mombasa,6,Female,Not Vaccinated,Not Certified,Small,3," KES 37,716.00 "
Siberian Husky,Nyeri,14,Female,Not Vaccinated,Not Certified,Medium,1," KES 49,355.00 "
Golden Retriever,Kericho,10,Male,Not Vaccinated,Certified,Large,6," KES 59,999.00 "
Chihuahua,Nyeri,9,Male,Vaccinated,Not Certified,Medium,3," KES 56,363.00 "
Great Dane,Eldoret,4,Male,Not Vaccinated,Certified,Small,4," KES 65,648.00 "
Chihuahua,Kericho,3,Female,Not Vaccinated,Not Certified,Medium,1," KES 51,314.00 "
Bulldog,Nakuru,3,Female,Not Vaccinated,Certified,Large,9," KES 38,400.00 "
Shih Tzu,Eldoret,6,Male,Vaccinated,Certified,Small,6," KES 43,365.00 "
Siberian Husky,Nairobi,11,Male,Vaccinated,Not Certified,Large,6," KES 48,696.00 "
Boxer,Nairobi,18,Male,Not Vaccinated,Not Certified,Large,5," KES 18,267.00 "
Golden Retriever,Nyeri,19,Male,Vaccinated,Certified,Medium,5," KES 29,243.00 "
Beagle,Nyeri,15,Female,Not Vaccinated,Not Certified,Medium,5," KES 39,162.00 "
Golden Retriever,Kericho,14,Female,Not Vaccinated,Certified,Medium,9," KES 33,586.00 "
Rottweiler,Nakuru,23,Male,Not Vaccinated,Not Certified,Large,2," KES 43,079.00 "
Maltese,Naivasha,23,Female,Vaccinated,Certified,Large,5," KES 39,632.00 "
Boxer,Mombasa,13,Female,Not Vaccinated,Not Certified,Small,2," KES 35,927.00 "
Beagle,Nyeri,4,Female,Not Vaccinated,Not Certified,Small,9," KES 43,730.00 "
Great Dane,Kisumu,19,Female,Not Vaccinated,Certified,Small,1," KES 29,066.00 "
Dachshund,Naivasha,13,Female,Vaccinated,Not Certified,Small,2," KES 50,924.00 "
Rottweiler,Nakuru,8,Female,Vaccinated,Certified,Large,3," KES 39,367.00 "
Siberian Husky,Nakuru,23,Female,Not Vaccinated,Certified,Small,8," KES 69,658.00 "
Poodle,Mombasa,18,Male,Vaccinated,Certified,Small,4," KES 40,570.00 "
Beagle,Thika,15,Female,Vaccinated,Not Certified,Medium,3," KES 44,176.00 "
Great Dane,Nakuru,16,Male,Vaccinated,Certified,Small,10," KES 52,265.00 "
Chihuahua,Nyeri,13,Male,Vaccinated,Certified,Medium,7," KES 42,539.00 "
Maltese,Mombasa,14,Female,Not Vaccinated,Certified,Large,10," KES 58,942.00 "
Bulldog,Nairobi,16,Female,Vaccinated,Certified,Small,2," KES 42,637.00 "
Labrador Retriever,Mombasa,21,Female,Not Vaccinated,Certified,Medium,8," KES 46,661.00 "
